t_s,port,port_name,status,d1,d2
6305.031379,32:0,SAMSUNG_Android SAMSUNG_Android MIDI 1,176,101,0
6305.036152,32:0,SAMSUNG_Android SAMSUNG_Android MIDI 1,176,100,6
6305.036157,32:0,SAMSUNG_Android SAMSUNG_Android MIDI 1,176,6,15
6305.036157,32:0,SAMSUNG_Android SAMSUNG_Android MIDI 1,176,101,127
6305.036158,32:0,SAMSUNG_Android SAMSUNG_Android MIDI 1,176,100,127
6305.036158,32:0,SAMSUNG_Android SAMSUNG_Android MIDI 1,177,101,0
6305.036158,32:0,SAMSUNG_Android SAMSUNG_Android MIDI 1,177,100,0
6305.036158,32:0,SAMSUNG_Android SAMSUNG_Android MIDI 1,177,6,48
6305.036159,32:0,SAMSUNG_Android SAMSUNG_Android MIDI 1,177,101,127
6305.036159,32:0,SAMSUNG_Android SAMSUNG_Android MIDI 1,177,100,127
6305.036312,32:0,SAMSUNG_Android SAMSUNG_Android MIDI 1,178,101,0
6305.036314,32:0,SAMSUNG_Android SAMSUNG_Android MIDI 1,178,100,0
6305.036314,32:0,SAMSUNG_Android SAMSUNG_Android MIDI 1,178,6,48
6305.036315,32:0,SAMSUNG_Android SAMSUNG_Android MIDI 1,178,101,127
6305.036315,32:0,SAMSUNG_Android SAMSUNG_Android MIDI 1,178,100,127
6305.036315,32:0,SAMSUNG_Android SAMSUNG_Android MIDI 1,179,101,0
6305.036316,32:0,SAMSUNG_Android SAMSUNG_Android MIDI 1,179,100,0
6305.036316,32:0,SAMSUNG_Android SAMSUNG_Android MIDI 1,179,6,48
6305.036316,32:0,SAMSUNG_Android SAMSUNG_Android MIDI 1,179,101,127
6305.036316,32:0,SAMSUNG_Android SAMSUNG_Android MIDI 1,179,100,127
6305.036317,32:0,SAMSUNG_Android SAMSUNG_Android MIDI 1,180,101,0
6305.036317,32:0,SAMSUNG_Android SAMSUNG_Android MIDI 1,180,100,0
6305.036317,32:0,SAMSUNG_Android SAMSUNG_Android MIDI 1,180,6,48
6305.036317,32:0,SAMSUNG_Android SAMSUNG_Android MIDI 1,180,101,127
6305.036318,32:0,SAMSUNG_Android SAMSUNG_Android MIDI 1,180,100,127
6305.036318,32:0,SAMSUNG_Android SAMSUNG_Android MIDI 1,181,101,0
6305.036318,32:0,SAMSUNG_Android SAMSUNG_Android MIDI 1,181,100,0
6305.036318,32:0,SAMSUNG_Android SAMSUNG_Android MIDI 1,181,6,48
6305.036319,32:0,SAMSUNG_Android SAMSUNG_Android MIDI 1,181,101,127
6305.036319,32:0,SAMSUNG_Android SAMSUNG_Android MIDI 1,181,100,127
6305.036319,32:0,SAMSUNG_Android SAMSUNG_Android MIDI 1,182,101,0
6305.036319,32:0,SAMSUNG_Android SAMSUNG_Android MIDI 1,182,100,0
6305.036320,32:0,SAMSUNG_Android SAMSUNG_Android MIDI 1,182,6,48
6305.036320,32:0,SAMSUNG_Android SAMSUNG_Android MIDI 1,182,101,127
6305.036320,32:0,SAMSUNG_Android SAMSUNG_Android MIDI 1,182,100,127
6305.036320,32:0,SAMSUNG_Android SAMSUNG_Android MIDI 1,183,101,0
6305.036321,32:0,SAMSUNG_Android SAMSUNG_Android MIDI 1,183,100,0
6305.036321,32:0,SAMSUNG_Android SAMSUNG_Android MIDI 1,183,6,48
6305.036321,32:0,SAMSUNG_Android SAMSUNG_Android MIDI 1,183,101,127
6305.036321,32:0,SAMSUNG_Android SAMSUNG_Android MIDI 1,183,100,127
6305.036322,32:0,SAMSUNG_Android SAMSUNG_Android MIDI 1,184,101,0
6305.036322,32:0,SAMSUNG_Android SAMSUNG_Android MIDI 1,184,100,0
6305.036322,32:0,SAMSUNG_Android SAMSUNG_Android MIDI 1,184,6,48
6305.036456,32:0,SAMSUNG_Android SAMSUNG_Android MIDI 1,184,101,127
6305.036458,32:0,SAMSUNG_Android SAMSUNG_Android MIDI 1,184,100,127
6305.036614,32:0,SAMSUNG_Android SAMSUNG_Android MIDI 1,185,101,0
6305.036616,32:0,SAMSUNG_Android SAMSUNG_Android MIDI 1,185,100,0
6305.036617,32:0,SAMSUNG_Android SAMSUNG_Android MIDI 1,185,6,48
6305.036617,32:0,SAMSUNG_Android SAMSUNG_Android MIDI 1,185,101,127
6305.036618,32:0,SAMSUNG_Android SAMSUNG_Android MIDI 1,185,100,127
6305.036618,32:0,SAMSUNG_Android SAMSUNG_Android MIDI 1,186,101,0
6305.036618,32:0,SAMSUNG_Android SAMSUNG_Android MIDI 1,186,100,0
6305.036618,32:0,SAMSUNG_Android SAMSUNG_Android MIDI 1,186,6,48
6305.036619,32:0,SAMSUNG_Android SAMSUNG_Android MIDI 1,186,101,127
6305.036619,32:0,SAMSUNG_Android SAMSUNG_Android MIDI 1,186,100,127
6305.036619,32:0,SAMSUNG_Android SAMSUNG_Android MIDI 1,187,101,0
6305.036620,32:0,SAMSUNG_Android SAMSUNG_Android MIDI 1,187,100,0
6305.036620,32:0,SAMSUNG_Android SAMSUNG_Android MIDI 1,187,6,48
6305.036620,32:0,SAMSUNG_Android SAMSUNG_Android MIDI 1,187,101,127
6305.036752,32:0,SAMSUNG_Android SAMSUNG_Android MIDI 1,187,100,127
6305.036754,32:0,SAMSUNG_Android SAMSUNG_Android MIDI 1,188,101,0
6305.036754,32:0,SAMSUNG_Android SAMSUNG_Android MIDI 1,188,100,0
6305.036755,32:0,SAMSUNG_Android SAMSUNG_Android MIDI 1,188,6,48
6305.036764,32:0,SAMSUNG_Android SAMSUNG_Android MIDI 1,188,101,127
6305.036765,32:0,SAMSUNG_Android SAMSUNG_Android MIDI 1,188,100,127
6305.036765,32:0,SAMSUNG_Android SAMSUNG_Android MIDI 1,189,101,0
6305.036766,32:0,SAMSUNG_Android SAMSUNG_Android MIDI 1,189,100,0
6305.036766,32:0,SAMSUNG_Android SAMSUNG_Android MIDI 1,189,6,48
6305.036766,32:0,SAMSUNG_Android SAMSUNG_Android MIDI 1,189,101,127
6305.036766,32:0,SAMSUNG_Android SAMSUNG_Android MIDI 1,189,100,127
6305.036767,32:0,SAMSUNG_Android SAMSUNG_Android MIDI 1,190,101,0
6305.036797,32:0,SAMSUNG_Android SAMSUNG_Android MIDI 1,190,100,0
6305.036797,32:0,SAMSUNG_Android SAMSUNG_Android MIDI 1,190,6,48
6305.036797,32:0,SAMSUNG_Android SAMSUNG_Android MIDI 1,190,101,127
6305.036798,32:0,SAMSUNG_Android SAMSUNG_Android MIDI 1,190,100,127
6305.036798,32:0,SAMSUNG_Android SAMSUNG_Android MIDI 1,191,101,0
6305.036798,32:0,SAMSUNG_Android SAMSUNG_Android MIDI 1,191,100,0
6305.036839,32:0,SAMSUNG_Android SAMSUNG_Android MIDI 1,191,6,48
6305.036840,32:0,SAMSUNG_Android SAMSUNG_Android MIDI 1,191,101,127
6305.036840,32:0,SAMSUNG_Android SAMSUNG_Android MIDI 1,191,100,127
6305.036840,32:0,SAMSUNG_Android SAMSUNG_Android MIDI 1,224,0,64
6305.036840,32:0,SAMSUNG_Android SAMSUNG_Android MIDI 1,176,1,0
6305.036841,32:0,SAMSUNG_Android SAMSUNG_Android MIDI 1,176,23,0
6305.036841,32:0,SAMSUNG_Android SAMSUNG_Android MIDI 1,176,24,0
6305.036841,32:0,SAMSUNG_Android SAMSUNG_Android MIDI 1,176,64,0
6305.080434,128:0,Tab S8 Ultra de Pedro Tab S8 Ultra de Pedro Bluetooth,176,101,0
6305.080441,128:0,Tab S8 Ultra de Pedro Tab S8 Ultra de Pedro Bluetooth,176,100,6
6305.080441,128:0,Tab S8 Ultra de Pedro Tab S8 Ultra de Pedro Bluetooth,176,6,15
6305.080441,128:0,Tab S8 Ultra de Pedro Tab S8 Ultra de Pedro Bluetooth,176,101,127
6305.080442,128:0,Tab S8 Ultra de Pedro Tab S8 Ultra de Pedro Bluetooth,176,100,127
6305.080442,128:0,Tab S8 Ultra de Pedro Tab S8 Ultra de Pedro Bluetooth,177,101,0
6305.080442,128:0,Tab S8 Ultra de Pedro Tab S8 Ultra de Pedro Bluetooth,177,100,0
6305.080443,128:0,Tab S8 Ultra de Pedro Tab S8 Ultra de Pedro Bluetooth,177,6,48
6305.080443,128:0,Tab S8 Ultra de Pedro Tab S8 Ultra de Pedro Bluetooth,177,101,127
6305.080443,128:0,Tab S8 Ultra de Pedro Tab S8 Ultra de Pedro Bluetooth,177,100,127
6305.080443,128:0,Tab S8 Ultra de Pedro Tab S8 Ultra de Pedro Bluetooth,178,101,0
6305.080444,128:0,Tab S8 Ultra de Pedro Tab S8 Ultra de Pedro Bluetooth,178,100,0
6305.080444,128:0,Tab S8 Ultra de Pedro Tab S8 Ultra de Pedro Bluetooth,178,6,48
6305.080444,128:0,Tab S8 Ultra de Pedro Tab S8 Ultra de Pedro Bluetooth,178,101,127
6305.080444,128:0,Tab S8 Ultra de Pedro Tab S8 Ultra de Pedro Bluetooth,178,100,127
6305.125409,128:0,Tab S8 Ultra de Pedro Tab S8 Ultra de Pedro Bluetooth,179,101,0
6305.125416,128:0,Tab S8 Ultra de Pedro Tab S8 Ultra de Pedro Bluetooth,179,100,0
6305.125417,128:0,Tab S8 Ultra de Pedro Tab S8 Ultra de Pedro Bluetooth,179,6,48
6305.125417,128:0,Tab S8 Ultra de Pedro Tab S8 Ultra de Pedro Bluetooth,179,101,127
6305.125418,128:0,Tab S8 Ultra de Pedro Tab S8 Ultra de Pedro Bluetooth,179,100,127
6305.125418,128:0,Tab S8 Ultra de Pedro Tab S8 Ultra de Pedro Bluetooth,180,101,0
6305.125418,128:0,Tab S8 Ultra de Pedro Tab S8 Ultra de Pedro Bluetooth,180,100,0
6305.125418,128:0,Tab S8 Ultra de Pedro Tab S8 Ultra de Pedro Bluetooth,180,6,48
6305.125419,128:0,Tab S8 Ultra de Pedro Tab S8 Ultra de Pedro Bluetooth,180,101,127
6305.125419,128:0,Tab S8 Ultra de Pedro Tab S8 Ultra de Pedro Bluetooth,180,100,127
6305.125419,128:0,Tab S8 Ultra de Pedro Tab S8 Ultra de Pedro Bluetooth,181,101,0
6305.125419,128:0,Tab S8 Ultra de Pedro Tab S8 Ultra de Pedro Bluetooth,181,100,0
6305.125420,128:0,Tab S8 Ultra de Pedro Tab S8 Ultra de Pedro Bluetooth,181,6,48
6305.125420,128:0,Tab S8 Ultra de Pedro Tab S8 Ultra de Pedro Bluetooth,181,101,127
6305.125420,128:0,Tab S8 Ultra de Pedro Tab S8 Ultra de Pedro Bluetooth,181,100,127
6305.125420,128:0,Tab S8 Ultra de Pedro Tab S8 Ultra de Pedro Bluetooth,182,101,0
6305.125421,128:0,Tab S8 Ultra de Pedro Tab S8 Ultra de Pedro Bluetooth,182,100,0
6305.125421,128:0,Tab S8 Ultra de Pedro Tab S8 Ultra de Pedro Bluetooth,182,6,48
6305.125421,128:0,Tab S8 Ultra de Pedro Tab S8 Ultra de Pedro Bluetooth,182,101,127
6305.125421,128:0,Tab S8 Ultra de Pedro Tab S8 Ultra de Pedro Bluetooth,182,100,127
6305.125422,128:0,Tab S8 Ultra de Pedro Tab S8 Ultra de Pedro Bluetooth,183,101,0
6305.125422,128:0,Tab S8 Ultra de Pedro Tab S8 Ultra de Pedro Bluetooth,183,100,0
6305.125422,128:0,Tab S8 Ultra de Pedro Tab S8 Ultra de Pedro Bluetooth,183,6,48
6305.125422,128:0,Tab S8 Ultra de Pedro Tab S8 Ultra de Pedro Bluetooth,183,101,127
6305.125423,128:0,Tab S8 Ultra de Pedro Tab S8 Ultra de Pedro Bluetooth,183,100,127
6305.125423,128:0,Tab S8 Ultra de Pedro Tab S8 Ultra de Pedro Bluetooth,184,101,0
6305.125423,128:0,Tab S8 Ultra de Pedro Tab S8 Ultra de Pedro Bluetooth,184,100,0
6305.125423,128:0,Tab S8 Ultra de Pedro Tab S8 Ultra de Pedro Bluetooth,184,6,48
6305.125424,128:0,Tab S8 Ultra de Pedro Tab S8 Ultra de Pedro Bluetooth,184,101,127
6305.125424,128:0,Tab S8 Ultra de Pedro Tab S8 Ultra de Pedro Bluetooth,184,100,127
6305.125424,128:0,Tab S8 Ultra de Pedro Tab S8 Ultra de Pedro Bluetooth,185,101,0
6305.125424,128:0,Tab S8 Ultra de Pedro Tab S8 Ultra de Pedro Bluetooth,185,100,0
6305.125425,128:0,Tab S8 Ultra de Pedro Tab S8 Ultra de Pedro Bluetooth,185,6,48
6305.125425,128:0,Tab S8 Ultra de Pedro Tab S8 Ultra de Pedro Bluetooth,185,101,127
6305.125425,128:0,Tab S8 Ultra de Pedro Tab S8 Ultra de Pedro Bluetooth,185,100,127
6305.125425,128:0,Tab S8 Ultra de Pedro Tab S8 Ultra de Pedro Bluetooth,186,101,0
6305.125425,128:0,Tab S8 Ultra de Pedro Tab S8 Ultra de Pedro Bluetooth,186,100,0
6305.125426,128:0,Tab S8 Ultra de Pedro Tab S8 Ultra de Pedro Bluetooth,186,6,48
6305.125426,128:0,Tab S8 Ultra de Pedro Tab S8 Ultra de Pedro Bluetooth,186,101,127
6305.125426,128:0,Tab S8 Ultra de Pedro Tab S8 Ultra de Pedro Bluetooth,186,100,127
6305.125426,128:0,Tab S8 Ultra de Pedro Tab S8 Ultra de Pedro Bluetooth,187,101,0
6305.125427,128:0,Tab S8 Ultra de Pedro Tab S8 Ultra de Pedro Bluetooth,187,100,0
6305.125427,128:0,Tab S8 Ultra de Pedro Tab S8 Ultra de Pedro Bluetooth,187,6,48
6305.125427,128:0,Tab S8 Ultra de Pedro Tab S8 Ultra de Pedro Bluetooth,187,101,127
6305.125427,128:0,Tab S8 Ultra de Pedro Tab S8 Ultra de Pedro Bluetooth,187,100,127
6305.125428,128:0,Tab S8 Ultra de Pedro Tab S8 Ultra de Pedro Bluetooth,188,101,0
6305.125428,128:0,Tab S8 Ultra de Pedro Tab S8 Ultra de Pedro Bluetooth,188,100,0
6305.125428,128:0,Tab S8 Ultra de Pedro Tab S8 Ultra de Pedro Bluetooth,188,6,48
6305.125428,128:0,Tab S8 Ultra de Pedro Tab S8 Ultra de Pedro Bluetooth,188,101,127
6305.125428,128:0,Tab S8 Ultra de Pedro Tab S8 Ultra de Pedro Bluetooth,188,100,127
6305.125445,128:0,Tab S8 Ultra de Pedro Tab S8 Ultra de Pedro Bluetooth,189,101,0
6305.125445,128:0,Tab S8 Ultra de Pedro Tab S8 Ultra de Pedro Bluetooth,189,100,0
6305.125445,128:0,Tab S8 Ultra de Pedro Tab S8 Ultra de Pedro Bluetooth,189,6,48
6305.125446,128:0,Tab S8 Ultra de Pedro Tab S8 Ultra de Pedro Bluetooth,189,101,127
6305.125446,128:0,Tab S8 Ultra de Pedro Tab S8 Ultra de Pedro Bluetooth,189,100,127
6305.125446,128:0,Tab S8 Ultra de Pedro Tab S8 Ultra de Pedro Bluetooth,190,101,0
6305.125446,128:0,Tab S8 Ultra de Pedro Tab S8 Ultra de Pedro Bluetooth,190,100,0
6305.125447,128:0,Tab S8 Ultra de Pedro Tab S8 Ultra de Pedro Bluetooth,190,6,48
6305.125447,128:0,Tab S8 Ultra de Pedro Tab S8 Ultra de Pedro Bluetooth,190,101,127
6305.125447,128:0,Tab S8 Ultra de Pedro Tab S8 Ultra de Pedro Bluetooth,190,100,127
6305.125447,128:0,Tab S8 Ultra de Pedro Tab S8 Ultra de Pedro Bluetooth,191,101,0
6305.125447,128:0,Tab S8 Ultra de Pedro Tab S8 Ultra de Pedro Bluetooth,191,100,0
6305.125448,128:0,Tab S8 Ultra de Pedro Tab S8 Ultra de Pedro Bluetooth,191,6,48
6305.125448,128:0,Tab S8 Ultra de Pedro Tab S8 Ultra de Pedro Bluetooth,191,101,127
6305.125448,128:0,Tab S8 Ultra de Pedro Tab S8 Ultra de Pedro Bluetooth,191,100,127
6305.125448,128:0,Tab S8 Ultra de Pedro Tab S8 Ultra de Pedro Bluetooth,224,0,64
6305.125449,128:0,Tab S8 Ultra de Pedro Tab S8 Ultra de Pedro Bluetooth,176,1,0
6305.125449,128:0,Tab S8 Ultra de Pedro Tab S8 Ultra de Pedro Bluetooth,176,23,0
6305.125449,128:0,Tab S8 Ultra de Pedro Tab S8 Ultra de Pedro Bluetooth,176,24,0
6305.125449,128:0,Tab S8 Ultra de Pedro Tab S8 Ultra de Pedro Bluetooth,176,64,0
6306.580041,32:0,SAMSUNG_Android SAMSUNG_Android MIDI 1,225,0,64
6306.583143,32:0,SAMSUNG_Android SAMSUNG_Android MIDI 1,145,38,96
6306.590333,32:0,SAMSUNG_Android SAMSUNG_Android MIDI 1,209,0,0
6306.592236,32:0,SAMSUNG_Android SAMSUNG_Android MIDI 1,129,38,64
6306.610249,128:0,Tab S8 Ultra de Pedro Tab S8 Ultra de Pedro Bluetooth,225,0,64
6306.610252,128:0,Tab S8 Ultra de Pedro Tab S8 Ultra de Pedro Bluetooth,145,38,96
6306.610253,128:0,Tab S8 Ultra de Pedro Tab S8 Ultra de Pedro Bluetooth,209,0,0
6306.610253,128:0,Tab S8 Ultra de Pedro Tab S8 Ultra de Pedro Bluetooth,129,38,64
6307.136527,32:0,SAMSUNG_Android SAMSUNG_Android MIDI 1,226,0,64
6307.139644,32:0,SAMSUNG_Android SAMSUNG_Android MIDI 1,146,52,96
6307.145638,32:0,SAMSUNG_Android SAMSUNG_Android MIDI 1,210,0,0
6307.146887,32:0,SAMSUNG_Android SAMSUNG_Android MIDI 1,130,52,64
6307.150405,128:0,Tab S8 Ultra de Pedro Tab S8 Ultra de Pedro Bluetooth,226,0,64
6307.150407,128:0,Tab S8 Ultra de Pedro Tab S8 Ultra de Pedro Bluetooth,146,52,96
6307.195424,128:0,Tab S8 Ultra de Pedro Tab S8 Ultra de Pedro Bluetooth,210,0,0
6307.195426,128:0,Tab S8 Ultra de Pedro Tab S8 Ultra de Pedro Bluetooth,130,52,64
6307.699097,32:0,SAMSUNG_Android SAMSUNG_Android MIDI 1,227,0,64
6307.704155,32:0,SAMSUNG_Android SAMSUNG_Android MIDI 1,147,29,96
6307.704158,32:0,SAMSUNG_Android SAMSUNG_Android MIDI 1,211,0,0
6307.704771,32:0,SAMSUNG_Android SAMSUNG_Android MIDI 1,131,29,64
6307.736511,128:0,Tab S8 Ultra de Pedro Tab S8 Ultra de Pedro Bluetooth,227,0,64
6307.736515,128:0,Tab S8 Ultra de Pedro Tab S8 Ultra de Pedro Bluetooth,147,29,96
6307.736516,128:0,Tab S8 Ultra de Pedro Tab S8 Ultra de Pedro Bluetooth,211,0,0
6307.736516,128:0,Tab S8 Ultra de Pedro Tab S8 Ultra de Pedro Bluetooth,131,29,64
6308.254884,32:0,SAMSUNG_Android SAMSUNG_Android MIDI 1,228,0,64
6308.256372,32:0,SAMSUNG_Android SAMSUNG_Android MIDI 1,148,43,96
6308.258466,32:0,SAMSUNG_Android SAMSUNG_Android MIDI 1,212,0,0
6308.261868,32:0,SAMSUNG_Android SAMSUNG_Android MIDI 1,132,43,64
6308.276420,128:0,Tab S8 Ultra de Pedro Tab S8 Ultra de Pedro Bluetooth,228,0,64
6308.276424,128:0,Tab S8 Ultra de Pedro Tab S8 Ultra de Pedro Bluetooth,148,43,96
6308.276424,128:0,Tab S8 Ultra de Pedro Tab S8 Ultra de Pedro Bluetooth,212,0,0
6308.276425,128:0,Tab S8 Ultra de Pedro Tab S8 Ultra de Pedro Bluetooth,132,43,64
6308.808183,32:0,SAMSUNG_Android SAMSUNG_Android MIDI 1,229,0,64
6308.810552,32:0,SAMSUNG_Android SAMSUNG_Android MIDI 1,149,56,96
6308.815234,128:0,Tab S8 Ultra de Pedro Tab S8 Ultra de Pedro Bluetooth,229,0,64
6308.815246,128:0,Tab S8 Ultra de Pedro Tab S8 Ultra de Pedro Bluetooth,149,56,96
6308.816414,32:0,SAMSUNG_Android SAMSUNG_Android MIDI 1,213,0,0
6308.816415,32:0,SAMSUNG_Android SAMSUNG_Android MIDI 1,133,56,64
6308.860196,128:0,Tab S8 Ultra de Pedro Tab S8 Ultra de Pedro Bluetooth,213,0,0
6308.860207,128:0,Tab S8 Ultra de Pedro Tab S8 Ultra de Pedro Bluetooth,133,56,64
6309.368680,32:0,SAMSUNG_Android SAMSUNG_Android MIDI 1,230,0,64
6309.371406,32:0,SAMSUNG_Android SAMSUNG_Android MIDI 1,150,33,96
6309.375420,32:0,SAMSUNG_Android SAMSUNG_Android MIDI 1,214,0,0
6309.379869,32:0,SAMSUNG_Android SAMSUNG_Android MIDI 1,134,33,64
6309.400330,128:0,Tab S8 Ultra de Pedro Tab S8 Ultra de Pedro Bluetooth,230,0,64
6309.400332,128:0,Tab S8 Ultra de Pedro Tab S8 Ultra de Pedro Bluetooth,150,33,96
6309.400333,128:0,Tab S8 Ultra de Pedro Tab S8 Ultra de Pedro Bluetooth,214,0,0
6309.402249,128:0,Tab S8 Ultra de Pedro Tab S8 Ultra de Pedro Bluetooth,134,33,64
6309.922952,32:0,SAMSUNG_Android SAMSUNG_Android MIDI 1,231,0,64
6309.927445,32:0,SAMSUNG_Android SAMSUNG_Android MIDI 1,151,47,96
6309.930713,32:0,SAMSUNG_Android SAMSUNG_Android MIDI 1,215,0,0
6309.933627,32:0,SAMSUNG_Android SAMSUNG_Android MIDI 1,135,47,64
6309.940339,128:0,Tab S8 Ultra de Pedro Tab S8 Ultra de Pedro Bluetooth,231,0,64
6309.940341,128:0,Tab S8 Ultra de Pedro Tab S8 Ultra de Pedro Bluetooth,151,47,96
6309.940342,128:0,Tab S8 Ultra de Pedro Tab S8 Ultra de Pedro Bluetooth,215,0,0
6309.940342,128:0,Tab S8 Ultra de Pedro Tab S8 Ultra de Pedro Bluetooth,135,47,64
6313.243723,32:0,SAMSUNG_Android SAMSUNG_Android MIDI 1,176,64,127
6313.270234,128:0,Tab S8 Ultra de Pedro Tab S8 Ultra de Pedro Bluetooth,176,64,127
6313.843502,32:0,SAMSUNG_Android SAMSUNG_Android MIDI 1,176,64,0
6313.856349,128:0,Tab S8 Ultra de Pedro Tab S8 Ultra de Pedro Bluetooth,176,64,0
6314.398556,32:0,SAMSUNG_Android SAMSUNG_Android MIDI 1,232,0,64
6314.399880,32:0,SAMSUNG_Android SAMSUNG_Android MIDI 1,152,49,127
6314.411754,32:0,SAMSUNG_Android SAMSUNG_Android MIDI 1,232,92,64
6314.414759,32:0,SAMSUNG_Android SAMSUNG_Android MIDI 1,216,127,0
6314.424637,32:0,SAMSUNG_Android SAMSUNG_Android MIDI 1,232,103,64
6314.425745,32:0,SAMSUNG_Android SAMSUNG_Android MIDI 1,232,70,63
6314.426498,32:0,SAMSUNG_Android SAMSUNG_Android MIDI 1,152,50,127
6314.426500,32:0,SAMSUNG_Android SAMSUNG_Android MIDI 1,136,49,0
6314.438493,32:0,SAMSUNG_Android SAMSUNG_Android MIDI 1,232,77,63
6314.440271,128:0,Tab S8 Ultra de Pedro Tab S8 Ultra de Pedro Bluetooth,232,0,64
6314.452031,32:0,SAMSUNG_Android SAMSUNG_Android MIDI 1,232,100,63
6314.463151,32:0,SAMSUNG_Android SAMSUNG_Android MIDI 1,232,110,63
6314.476624,32:0,SAMSUNG_Android SAMSUNG_Android MIDI 1,232,2,64
6314.485174,128:0,Tab S8 Ultra de Pedro Tab S8 Ultra de Pedro Bluetooth,152,49,127
6314.485176,128:0,Tab S8 Ultra de Pedro Tab S8 Ultra de Pedro Bluetooth,232,92,64
6314.485177,128:0,Tab S8 Ultra de Pedro Tab S8 Ultra de Pedro Bluetooth,216,127,0
6314.487228,128:0,Tab S8 Ultra de Pedro Tab S8 Ultra de Pedro Bluetooth,232,103,64
6314.487230,128:0,Tab S8 Ultra de Pedro Tab S8 Ultra de Pedro Bluetooth,232,70,63
6314.487230,128:0,Tab S8 Ultra de Pedro Tab S8 Ultra de Pedro Bluetooth,152,50,127
6314.487231,128:0,Tab S8 Ultra de Pedro Tab S8 Ultra de Pedro Bluetooth,136,49,0
6314.490912,32:0,SAMSUNG_Android SAMSUNG_Android MIDI 1,232,13,64
6314.501562,32:0,SAMSUNG_Android SAMSUNG_Android MIDI 1,232,33,64
6314.511879,32:0,SAMSUNG_Android SAMSUNG_Android MIDI 1,232,43,64
6314.525506,32:0,SAMSUNG_Android SAMSUNG_Android MIDI 1,232,53,64
6314.530246,128:0,Tab S8 Ultra de Pedro Tab S8 Ultra de Pedro Bluetooth,232,77,63
6314.530248,128:0,Tab S8 Ultra de Pedro Tab S8 Ultra de Pedro Bluetooth,232,90,63
6314.530249,128:0,Tab S8 Ultra de Pedro Tab S8 Ultra de Pedro Bluetooth,232,100,63
6314.532325,128:0,Tab S8 Ultra de Pedro Tab S8 Ultra de Pedro Bluetooth,232,110,63
6314.539907,32:0,SAMSUNG_Android SAMSUNG_Android MIDI 1,232,72,64
6314.550522,32:0,SAMSUNG_Android SAMSUNG_Android MIDI 1,232,83,64
6314.563809,32:0,SAMSUNG_Android SAMSUNG_Android MIDI 1,232,103,64
6314.567010,32:0,SAMSUNG_Android SAMSUNG_Android MIDI 1,232,70,63
6314.568765,32:0,SAMSUNG_Android SAMSUNG_Android MIDI 1,152,51,127
6314.568767,32:0,SAMSUNG_Android SAMSUNG_Android MIDI 1,136,50,0
6314.575269,128:0,Tab S8 Ultra de Pedro Tab S8 Ultra de Pedro Bluetooth,232,120,63
6314.575274,128:0,Tab S8 Ultra de Pedro Tab S8 Ultra de Pedro Bluetooth,232,2,64
6314.575276,128:0,Tab S8 Ultra de Pedro Tab S8 Ultra de Pedro Bluetooth,232,13,64
6314.577260,128:0,Tab S8 Ultra de Pedro Tab S8 Ultra de Pedro Bluetooth,232,23,64
6314.577262,128:0,Tab S8 Ultra de Pedro Tab S8 Ultra de Pedro Bluetooth,232,33,64
6314.577263,128:0,Tab S8 Ultra de Pedro Tab S8 Ultra de Pedro Bluetooth,232,43,64
6314.577263,128:0,Tab S8 Ultra de Pedro Tab S8 Ultra de Pedro Bluetooth,232,53,64
6314.579759,32:0,SAMSUNG_Android SAMSUNG_Android MIDI 1,232,81,63
6314.591651,32:0,SAMSUNG_Android SAMSUNG_Android MIDI 1,232,101,63
6314.603013,32:0,SAMSUNG_Android SAMSUNG_Android MIDI 1,232,111,63
6314.616764,32:0,SAMSUNG_Android SAMSUNG_Android MIDI 1,232,121,63
6314.620245,128:0,Tab S8 Ultra de Pedro Tab S8 Ultra de Pedro Bluetooth,232,63,64
6314.620247,128:0,Tab S8 Ultra de Pedro Tab S8 Ultra de Pedro Bluetooth,232,72,64
6314.620247,128:0,Tab S8 Ultra de Pedro Tab S8 Ultra de Pedro Bluetooth,232,83,64
6314.622238,128:0,Tab S8 Ultra de Pedro Tab S8 Ultra de Pedro Bluetooth,232,93,64
6314.622240,128:0,Tab S8 Ultra de Pedro Tab S8 Ultra de Pedro Bluetooth,232,103,64
6314.622241,128:0,Tab S8 Ultra de Pedro Tab S8 Ultra de Pedro Bluetooth,232,70,63
6314.622241,128:0,Tab S8 Ultra de Pedro Tab S8 Ultra de Pedro Bluetooth,152,51,127
6314.622241,128:0,Tab S8 Ultra de Pedro Tab S8 Ultra de Pedro Bluetooth,136,50,0
6314.628024,32:0,SAMSUNG_Android SAMSUNG_Android MIDI 1,232,13,64
6314.641391,32:0,SAMSUNG_Android SAMSUNG_Android MIDI 1,232,23,64
6314.653117,32:0,SAMSUNG_Android SAMSUNG_Android MIDI 1,232,43,64
6314.665224,128:0,Tab S8 Ultra de Pedro Tab S8 Ultra de Pedro Bluetooth,232,81,63
6314.665230,128:0,Tab S8 Ultra de Pedro Tab S8 Ultra de Pedro Bluetooth,232,91,63
6314.665232,128:0,Tab S8 Ultra de Pedro Tab S8 Ultra de Pedro Bluetooth,232,101,63
6314.665424,32:0,SAMSUNG_Android SAMSUNG_Android MIDI 1,232,53,64
6314.667254,128:0,Tab S8 Ultra de Pedro Tab S8 Ultra de Pedro Bluetooth,232,111,63
6314.667256,128:0,Tab S8 Ultra de Pedro Tab S8 Ultra de Pedro Bluetooth,232,121,63
6314.667256,128:0,Tab S8 Ultra de Pedro Tab S8 Ultra de Pedro Bluetooth,232,3,64
6314.667257,128:0,Tab S8 Ultra de Pedro Tab S8 Ultra de Pedro Bluetooth,232,13,64
6314.678535,32:0,SAMSUNG_Android SAMSUNG_Android MIDI 1,232,74,64
6314.691598,32:0,SAMSUNG_Android SAMSUNG_Android MIDI 1,232,94,64
6314.704116,32:0,SAMSUNG_Android SAMSUNG_Android MIDI 1,232,104,64
6314.709107,32:0,SAMSUNG_Android SAMSUNG_Android MIDI 1,232,71,63
6314.710877,32:0,SAMSUNG_Android SAMSUNG_Android MIDI 1,152,52,127
6314.710892,32:0,SAMSUNG_Android SAMSUNG_Android MIDI 1,136,51,0
6314.711275,128:0,Tab S8 Ultra de Pedro Tab S8 Ultra de Pedro Bluetooth,232,23,64
6314.711277,128:0,Tab S8 Ultra de Pedro Tab S8 Ultra de Pedro Bluetooth,232,33,64
6314.711277,128:0,Tab S8 Ultra de Pedro Tab S8 Ultra de Pedro Bluetooth,232,43,64
6314.711278,128:0,Tab S8 Ultra de Pedro Tab S8 Ultra de Pedro Bluetooth,232,53,64
6314.711278,128:0,Tab S8 Ultra de Pedro Tab S8 Ultra de Pedro Bluetooth,232,64,64
6314.711278,128:0,Tab S8 Ultra de Pedro Tab S8 Ultra de Pedro Bluetooth,232,74,64
6314.713391,128:0,Tab S8 Ultra de Pedro Tab S8 Ultra de Pedro Bluetooth,232,84,64
6314.719272,32:0,SAMSUNG_Android SAMSUNG_Android MIDI 1,232,81,63
6314.733479,32:0,SAMSUNG_Android SAMSUNG_Android MIDI 1,232,101,63
6314.747658,32:0,SAMSUNG_Android SAMSUNG_Android MIDI 1,232,112,63
6314.755232,128:0,Tab S8 Ultra de Pedro Tab S8 Ultra de Pedro Bluetooth,232,94,64
6314.755234,128:0,Tab S8 Ultra de Pedro Tab S8 Ultra de Pedro Bluetooth,232,104,64
6314.755235,128:0,Tab S8 Ultra de Pedro Tab S8 Ultra de Pedro Bluetooth,232,71,63
6314.757275,128:0,Tab S8 Ultra de Pedro Tab S8 Ultra de Pedro Bluetooth,152,52,127
6314.757276,128:0,Tab S8 Ultra de Pedro Tab S8 Ultra de Pedro Bluetooth,136,51,0
6314.757277,128:0,Tab S8 Ultra de Pedro Tab S8 Ultra de Pedro Bluetooth,232,81,63
6314.757277,128:0,Tab S8 Ultra de Pedro Tab S8 Ultra de Pedro Bluetooth,232,91,63
6314.757278,128:0,Tab S8 Ultra de Pedro Tab S8 Ultra de Pedro Bluetooth,232,101,63
6314.758181,32:0,SAMSUNG_Android SAMSUNG_Android MIDI 1,232,4,64
6314.770715,32:0,SAMSUNG_Android SAMSUNG_Android MIDI 1,232,14,64
6314.782420,32:0,SAMSUNG_Android SAMSUNG_Android MIDI 1,232,24,64
6314.793030,32:0,SAMSUNG_Android SAMSUNG_Android MIDI 1,232,44,64
6314.800268,128:0,Tab S8 Ultra de Pedro Tab S8 Ultra de Pedro Bluetooth,232,112,63
6314.800274,128:0,Tab S8 Ultra de Pedro Tab S8 Ultra de Pedro Bluetooth,232,122,63
6314.800275,128:0,Tab S8 Ultra de Pedro Tab S8 Ultra de Pedro Bluetooth,232,4,64
6314.802276,128:0,Tab S8 Ultra de Pedro Tab S8 Ultra de Pedro Bluetooth,232,14,64
6314.802282,128:0,Tab S8 Ultra de Pedro Tab S8 Ultra de Pedro Bluetooth,232,24,64
6314.802284,128:0,Tab S8 Ultra de Pedro Tab S8 Ultra de Pedro Bluetooth,232,34,64
6314.802285,128:0,Tab S8 Ultra de Pedro Tab S8 Ultra de Pedro Bluetooth,232,44,64
6314.803764,32:0,SAMSUNG_Android SAMSUNG_Android MIDI 1,232,54,64
6314.814927,32:0,SAMSUNG_Android SAMSUNG_Android MIDI 1,232,74,64
6314.826667,32:0,SAMSUNG_Android SAMSUNG_Android MIDI 1,232,84,64
6314.840295,32:0,SAMSUNG_Android SAMSUNG_Android MIDI 1,232,104,64
6314.845288,128:0,Tab S8 Ultra de Pedro Tab S8 Ultra de Pedro Bluetooth,232,54,64
6314.845291,128:0,Tab S8 Ultra de Pedro Tab S8 Ultra de Pedro Bluetooth,232,64,64
6314.845291,128:0,Tab S8 Ultra de Pedro Tab S8 Ultra de Pedro Bluetooth,232,74,64
6314.847310,128:0,Tab S8 Ultra de Pedro Tab S8 Ultra de Pedro Bluetooth,232,84,64
6314.847312,128:0,Tab S8 Ultra de Pedro Tab S8 Ultra de Pedro Bluetooth,232,94,64
6314.847313,128:0,Tab S8 Ultra de Pedro Tab S8 Ultra de Pedro Bluetooth,232,104,64
6314.848647,32:0,SAMSUNG_Android SAMSUNG_Android MIDI 1,232,72,63
6314.850341,32:0,SAMSUNG_Android SAMSUNG_Android MIDI 1,152,53,127
6314.850343,32:0,SAMSUNG_Android SAMSUNG_Android MIDI 1,136,52,0
6314.859047,32:0,SAMSUNG_Android SAMSUNG_Android MIDI 1,232,82,63
6314.872538,32:0,SAMSUNG_Android SAMSUNG_Android MIDI 1,232,92,63
6314.883364,32:0,SAMSUNG_Android SAMSUNG_Android MIDI 1,232,112,63
6314.890381,128:0,Tab S8 Ultra de Pedro Tab S8 Ultra de Pedro Bluetooth,232,72,63
6314.890383,128:0,Tab S8 Ultra de Pedro Tab S8 Ultra de Pedro Bluetooth,152,53,127
6314.890384,128:0,Tab S8 Ultra de Pedro Tab S8 Ultra de Pedro Bluetooth,136,52,0
6314.890384,128:0,Tab S8 Ultra de Pedro Tab S8 Ultra de Pedro Bluetooth,232,82,63
6314.892345,128:0,Tab S8 Ultra de Pedro Tab S8 Ultra de Pedro Bluetooth,232,92,63
6314.892347,128:0,Tab S8 Ultra de Pedro Tab S8 Ultra de Pedro Bluetooth,232,102,63
6314.892348,128:0,Tab S8 Ultra de Pedro Tab S8 Ultra de Pedro Bluetooth,232,112,63
6314.897359,32:0,SAMSUNG_Android SAMSUNG_Android MIDI 1,232,122,63
6314.910902,32:0,SAMSUNG_Android SAMSUNG_Android MIDI 1,232,14,64
6314.924224,32:0,SAMSUNG_Android SAMSUNG_Android MIDI 1,232,25,64
6314.935201,128:0,Tab S8 Ultra de Pedro Tab S8 Ultra de Pedro Bluetooth,232,122,63
6314.935204,128:0,Tab S8 Ultra de Pedro Tab S8 Ultra de Pedro Bluetooth,232,4,64
6314.935204,128:0,Tab S8 Ultra de Pedro Tab S8 Ultra de Pedro Bluetooth,232,14,64
6314.935854,32:0,SAMSUNG_Android SAMSUNG_Android MIDI 1,232,41,64
6314.937167,128:0,Tab S8 Ultra de Pedro Tab S8 Ultra de Pedro Bluetooth,232,25,64
6314.947932,32:0,SAMSUNG_Android SAMSUNG_Android MIDI 1,232,65,64
6314.959574,32:0,SAMSUNG_Android SAMSUNG_Android MIDI 1,232,74,64
6314.972959,32:0,SAMSUNG_Android SAMSUNG_Android MIDI 1,232,95,64
6314.980315,128:0,Tab S8 Ultra de Pedro Tab S8 Ultra de Pedro Bluetooth,232,41,64
6314.980317,128:0,Tab S8 Ultra de Pedro Tab S8 Ultra de Pedro Bluetooth,232,55,64
6314.980317,128:0,Tab S8 Ultra de Pedro Tab S8 Ultra de Pedro Bluetooth,232,65,64
6314.982260,128:0,Tab S8 Ultra de Pedro Tab S8 Ultra de Pedro Bluetooth,232,74,64
6314.982262,128:0,Tab S8 Ultra de Pedro Tab S8 Ultra de Pedro Bluetooth,232,85,64
6314.982263,128:0,Tab S8 Ultra de Pedro Tab S8 Ultra de Pedro Bluetooth,232,95,64
6314.985454,32:0,SAMSUNG_Android SAMSUNG_Android MIDI 1,232,105,64
6314.989309,32:0,SAMSUNG_Android SAMSUNG_Android MIDI 1,232,73,63
6314.990789,32:0,SAMSUNG_Android SAMSUNG_Android MIDI 1,152,54,127
6314.990791,32:0,SAMSUNG_Android SAMSUNG_Android MIDI 1,136,53,0
6314.999909,32:0,SAMSUNG_Android SAMSUNG_Android MIDI 1,232,83,63
6315.015168,32:0,SAMSUNG_Android SAMSUNG_Android MIDI 1,232,103,63
6315.024695,32:0,SAMSUNG_Android SAMSUNG_Android MIDI 1,232,113,63
6315.025429,128:0,Tab S8 Ultra de Pedro Tab S8 Ultra de Pedro Bluetooth,232,105,64
6315.025431,128:0,Tab S8 Ultra de Pedro Tab S8 Ultra de Pedro Bluetooth,232,73,63
6315.025431,128:0,Tab S8 Ultra de Pedro Tab S8 Ultra de Pedro Bluetooth,152,54,127
6315.025432,128:0,Tab S8 Ultra de Pedro Tab S8 Ultra de Pedro Bluetooth,136,53,0
6315.027279,128:0,Tab S8 Ultra de Pedro Tab S8 Ultra de Pedro Bluetooth,232,83,63
6315.027281,128:0,Tab S8 Ultra de Pedro Tab S8 Ultra de Pedro Bluetooth,232,93,63
6315.027282,128:0,Tab S8 Ultra de Pedro Tab S8 Ultra de Pedro Bluetooth,232,103,63
6315.027282,128:0,Tab S8 Ultra de Pedro Tab S8 Ultra de Pedro Bluetooth,232,113,63
6315.038032,32:0,SAMSUNG_Android SAMSUNG_Android MIDI 1,232,122,63
6315.051789,32:0,SAMSUNG_Android SAMSUNG_Android MIDI 1,232,15,64
6315.064008,32:0,SAMSUNG_Android SAMSUNG_Android MIDI 1,232,35,64
6315.070297,128:0,Tab S8 Ultra de Pedro Tab S8 Ultra de Pedro Bluetooth,232,122,63
6315.070299,128:0,Tab S8 Ultra de Pedro Tab S8 Ultra de Pedro Bluetooth,232,5,64
6315.070300,128:0,Tab S8 Ultra de Pedro Tab S8 Ultra de Pedro Bluetooth,232,15,64
6315.072254,128:0,Tab S8 Ultra de Pedro Tab S8 Ultra de Pedro Bluetooth,232,24,64
6315.072255,128:0,Tab S8 Ultra de Pedro Tab S8 Ultra de Pedro Bluetooth,232,35,64
6315.076671,32:0,SAMSUNG_Android SAMSUNG_Android MIDI 1,232,45,64
6315.086787,32:0,SAMSUNG_Android SAMSUNG_Android MIDI 1,232,55,64
6315.096965,32:0,SAMSUNG_Android SAMSUNG_Android MIDI 1,232,76,64
6315.109106,32:0,SAMSUNG_Android SAMSUNG_Android MIDI 1,232,86,64
6315.115286,128:0,Tab S8 Ultra de Pedro Tab S8 Ultra de Pedro Bluetooth,232,45,64
6315.115288,128:0,Tab S8 Ultra de Pedro Tab S8 Ultra de Pedro Bluetooth,232,55,64
6315.115288,128:0,Tab S8 Ultra de Pedro Tab S8 Ultra de Pedro Bluetooth,232,65,64
6315.117225,128:0,Tab S8 Ultra de Pedro Tab S8 Ultra de Pedro Bluetooth,232,76,64
6315.117227,128:0,Tab S8 Ultra de Pedro Tab S8 Ultra de Pedro Bluetooth,232,86,64
6315.121673,32:0,SAMSUNG_Android SAMSUNG_Android MIDI 1,232,106,64
6315.130796,32:0,SAMSUNG_Android SAMSUNG_Android MIDI 1,232,73,63
6315.131540,32:0,SAMSUNG_Android SAMSUNG_Android MIDI 1,152,55,127
6315.132604,32:0,SAMSUNG_Android SAMSUNG_Android MIDI 1,136,54,0
6315.142319,32:0,SAMSUNG_Android SAMSUNG_Android MIDI 1,232,83,63
6315.152808,32:0,SAMSUNG_Android SAMSUNG_Android MIDI 1,232,93,63
6315.160278,128:0,Tab S8 Ultra de Pedro Tab S8 Ultra de Pedro Bluetooth,232,95,64
6315.160280,128:0,Tab S8 Ultra de Pedro Tab S8 Ultra de Pedro Bluetooth,232,106,64
6315.160281,128:0,Tab S8 Ultra de Pedro Tab S8 Ultra de Pedro Bluetooth,232,73,63
6315.162240,128:0,Tab S8 Ultra de Pedro Tab S8 Ultra de Pedro Bluetooth,152,55,127
6315.162242,128:0,Tab S8 Ultra de Pedro Tab S8 Ultra de Pedro Bluetooth,136,54,0
6315.162243,128:0,Tab S8 Ultra de Pedro Tab S8 Ultra de Pedro Bluetooth,232,83,63
6315.162243,128:0,Tab S8 Ultra de Pedro Tab S8 Ultra de Pedro Bluetooth,232,93,63
6315.162244,128:0,Tab S8 Ultra de Pedro Tab S8 Ultra de Pedro Bluetooth,232,103,63
6315.163421,32:0,SAMSUNG_Android SAMSUNG_Android MIDI 1,232,103,63
6315.174699,32:0,SAMSUNG_Android SAMSUNG_Android MIDI 1,232,124,63
6315.187557,32:0,SAMSUNG_Android SAMSUNG_Android MIDI 1,232,16,64
6315.199696,32:0,SAMSUNG_Android SAMSUNG_Android MIDI 1,232,26,64
6315.205238,128:0,Tab S8 Ultra de Pedro Tab S8 Ultra de Pedro Bluetooth,232,113,63
6315.212569,32:0,SAMSUNG_Android SAMSUNG_Android MIDI 1,232,46,64
6315.224579,32:0,SAMSUNG_Android SAMSUNG_Android MIDI 1,232,56,64
6315.237341,32:0,SAMSUNG_Android SAMSUNG_Android MIDI 1,232,76,64
6315.248620,32:0,SAMSUNG_Android SAMSUNG_Android MIDI 1,232,86,64
6315.250242,128:0,Tab S8 Ultra de Pedro Tab S8 Ultra de Pedro Bluetooth,232,124,63
6315.250245,128:0,Tab S8 Ultra de Pedro Tab S8 Ultra de Pedro Bluetooth,232,6,64
6315.250245,128:0,Tab S8 Ultra de Pedro Tab S8 Ultra de Pedro Bluetooth,232,16,64
6315.252322,128:0,Tab S8 Ultra de Pedro Tab S8 Ultra de Pedro Bluetooth,232,26,64
6315.252325,128:0,Tab S8 Ultra de Pedro Tab S8 Ultra de Pedro Bluetooth,232,35,64
6315.252325,128:0,Tab S8 Ultra de Pedro Tab S8 Ultra de Pedro Bluetooth,232,46,64
6315.252326,128:0,Tab S8 Ultra de Pedro Tab S8 Ultra de Pedro Bluetooth,232,56,64
6315.262203,32:0,SAMSUNG_Android SAMSUNG_Android MIDI 1,232,96,64
6315.270356,32:0,SAMSUNG_Android SAMSUNG_Android MIDI 1,232,74,63
6315.271947,32:0,SAMSUNG_Android SAMSUNG_Android MIDI 1,152,56,127
6315.271949,32:0,SAMSUNG_Android SAMSUNG_Android MIDI 1,136,55,0
6315.284214,32:0,SAMSUNG_Android SAMSUNG_Android MIDI 1,232,84,63
6315.295295,128:0,Tab S8 Ultra de Pedro Tab S8 Ultra de Pedro Bluetooth,232,66,64
6315.295301,128:0,Tab S8 Ultra de Pedro Tab S8 Ultra de Pedro Bluetooth,232,76,64
6315.295303,128:0,Tab S8 Ultra de Pedro Tab S8 Ultra de Pedro Bluetooth,232,86,64
6315.295507,32:0,SAMSUNG_Android SAMSUNG_Android MIDI 1,232,104,63
6315.297282,128:0,Tab S8 Ultra de Pedro Tab S8 Ultra de Pedro Bluetooth,232,96,64
6315.297285,128:0,Tab S8 Ultra de Pedro Tab S8 Ultra de Pedro Bluetooth,232,106,64
6315.297285,128:0,Tab S8 Ultra de Pedro Tab S8 Ultra de Pedro Bluetooth,232,74,63
6315.297286,128:0,Tab S8 Ultra de Pedro Tab S8 Ultra de Pedro Bluetooth,152,56,127
6315.297286,128:0,Tab S8 Ultra de Pedro Tab S8 Ultra de Pedro Bluetooth,136,55,0
6315.306586,32:0,SAMSUNG_Android SAMSUNG_Android MIDI 1,232,114,63
6315.320111,32:0,SAMSUNG_Android SAMSUNG_Android MIDI 1,232,6,64
6315.333456,32:0,SAMSUNG_Android SAMSUNG_Android MIDI 1,232,15,64
6315.340297,128:0,Tab S8 Ultra de Pedro Tab S8 Ultra de Pedro Bluetooth,232,84,63
6315.340299,128:0,Tab S8 Ultra de Pedro Tab S8 Ultra de Pedro Bluetooth,232,94,63
6315.340300,128:0,Tab S8 Ultra de Pedro Tab S8 Ultra de Pedro Bluetooth,232,104,63
6315.342276,128:0,Tab S8 Ultra de Pedro Tab S8 Ultra de Pedro Bluetooth,232,114,63
6315.342278,128:0,Tab S8 Ultra de Pedro Tab S8 Ultra de Pedro Bluetooth,232,124,63
6315.342279,128:0,Tab S8 Ultra de Pedro Tab S8 Ultra de Pedro Bluetooth,232,6,64
6315.342279,128:0,Tab S8 Ultra de Pedro Tab S8 Ultra de Pedro Bluetooth,232,15,64
6315.345163,32:0,SAMSUNG_Android SAMSUNG_Android MIDI 1,232,26,64
6315.358580,32:0,SAMSUNG_Android SAMSUNG_Android MIDI 1,232,47,64
6315.368583,32:0,SAMSUNG_Android SAMSUNG_Android MIDI 1,232,57,64
6315.382633,32:0,SAMSUNG_Android SAMSUNG_Android MIDI 1,232,77,64
6315.385118,128:0,Tab S8 Ultra de Pedro Tab S8 Ultra de Pedro Bluetooth,232,26,64
6315.385121,128:0,Tab S8 Ultra de Pedro Tab S8 Ultra de Pedro Bluetooth,232,36,64
6315.385121,128:0,Tab S8 Ultra de Pedro Tab S8 Ultra de Pedro Bluetooth,232,47,64
6315.387249,128:0,Tab S8 Ultra de Pedro Tab S8 Ultra de Pedro Bluetooth,232,57,64
6315.387252,128:0,Tab S8 Ultra de Pedro Tab S8 Ultra de Pedro Bluetooth,232,67,64
6315.387252,128:0,Tab S8 Ultra de Pedro Tab S8 Ultra de Pedro Bluetooth,232,77,64
6315.394526,32:0,SAMSUNG_Android SAMSUNG_Android MIDI 1,232,97,64
6315.406347,32:0,SAMSUNG_Android SAMSUNG_Android MIDI 1,232,107,64
6315.410717,32:0,SAMSUNG_Android SAMSUNG_Android MIDI 1,232,74,63
6315.412366,32:0,SAMSUNG_Android SAMSUNG_Android MIDI 1,152,57,127
6315.412369,32:0,SAMSUNG_Android SAMSUNG_Android MIDI 1,136,56,0
6315.422703,32:0,SAMSUNG_Android SAMSUNG_Android MIDI 1,232,84,63
6315.430250,128:0,Tab S8 Ultra de Pedro Tab S8 Ultra de Pedro Bluetooth,232,86,64
6315.430252,128:0,Tab S8 Ultra de Pedro Tab S8 Ultra de Pedro Bluetooth,232,97,64
6315.430253,128:0,Tab S8 Ultra de Pedro Tab S8 Ultra de Pedro Bluetooth,232,107,64
6315.432232,128:0,Tab S8 Ultra de Pedro Tab S8 Ultra de Pedro Bluetooth,232,74,63
6315.432234,128:0,Tab S8 Ultra de Pedro Tab S8 Ultra de Pedro Bluetooth,152,57,127
6315.432235,128:0,Tab S8 Ultra de Pedro Tab S8 Ultra de Pedro Bluetooth,136,56,0
6315.432235,128:0,Tab S8 Ultra de Pedro Tab S8 Ultra de Pedro Bluetooth,232,84,63
6315.432235,128:0,Tab S8 Ultra de Pedro Tab S8 Ultra de Pedro Bluetooth,232,95,63
6315.435963,32:0,SAMSUNG_Android SAMSUNG_Android MIDI 1,232,105,63
6315.449259,32:0,SAMSUNG_Android SAMSUNG_Android MIDI 1,232,114,63
6315.459009,32:0,SAMSUNG_Android SAMSUNG_Android MIDI 1,232,124,63
6315.470478,32:0,SAMSUNG_Android SAMSUNG_Android MIDI 1,232,17,64
6315.475185,128:0,Tab S8 Ultra de Pedro Tab S8 Ultra de Pedro Bluetooth,232,105,63
6315.475192,128:0,Tab S8 Ultra de Pedro Tab S8 Ultra de Pedro Bluetooth,232,114,63
6315.475193,128:0,Tab S8 Ultra de Pedro Tab S8 Ultra de Pedro Bluetooth,232,124,63
6315.477193,128:0,Tab S8 Ultra de Pedro Tab S8 Ultra de Pedro Bluetooth,232,7,64
6315.477195,128:0,Tab S8 Ultra de Pedro Tab S8 Ultra de Pedro Bluetooth,232,17,64
6315.483959,32:0,SAMSUNG_Android SAMSUNG_Android MIDI 1,232,27,64
6315.494171,32:0,SAMSUNG_Android SAMSUNG_Android MIDI 1,232,47,64
6315.505012,32:0,SAMSUNG_Android SAMSUNG_Android MIDI 1,232,57,64
6315.518586,32:0,SAMSUNG_Android SAMSUNG_Android MIDI 1,232,66,64
6315.520180,128:0,Tab S8 Ultra de Pedro Tab S8 Ultra de Pedro Bluetooth,232,27,64
6315.520182,128:0,Tab S8 Ultra de Pedro Tab S8 Ultra de Pedro Bluetooth,232,35,64
6315.520183,128:0,Tab S8 Ultra de Pedro Tab S8 Ultra de Pedro Bluetooth,232,47,64
6315.522136,128:0,Tab S8 Ultra de Pedro Tab S8 Ultra de Pedro Bluetooth,232,57,64
6315.522139,128:0,Tab S8 Ultra de Pedro Tab S8 Ultra de Pedro Bluetooth,232,66,64
6315.530210,32:0,SAMSUNG_Android SAMSUNG_Android MIDI 1,232,88,64
6315.543360,32:0,SAMSUNG_Android SAMSUNG_Android MIDI 1,232,98,64
6315.552029,32:0,SAMSUNG_Android SAMSUNG_Android MIDI 1,232,75,63
6315.554470,32:0,SAMSUNG_Android SAMSUNG_Android MIDI 1,152,58,127
6315.554472,32:0,SAMSUNG_Android SAMSUNG_Android MIDI 1,136,57,0
6315.563213,32:0,SAMSUNG_Android SAMSUNG_Android MIDI 1,232,85,63
6315.565307,128:0,Tab S8 Ultra de Pedro Tab S8 Ultra de Pedro Bluetooth,232,77,64
6315.565310,128:0,Tab S8 Ultra de Pedro Tab S8 Ultra de Pedro Bluetooth,232,88,64
6315.565310,128:0,Tab S8 Ultra de Pedro Tab S8 Ultra de Pedro Bluetooth,232,98,64
6315.567283,128:0,Tab S8 Ultra de Pedro Tab S8 Ultra de Pedro Bluetooth,232,108,64
6315.567286,128:0,Tab S8 Ultra de Pedro Tab S8 Ultra de Pedro Bluetooth,232,75,63
6315.567286,128:0,Tab S8 Ultra de Pedro Tab S8 Ultra de Pedro Bluetooth,152,58,127
6315.567287,128:0,Tab S8 Ultra de Pedro Tab S8 Ultra de Pedro Bluetooth,136,57,0
6315.567287,128:0,Tab S8 Ultra de Pedro Tab S8 Ultra de Pedro Bluetooth,232,85,63
6315.576384,32:0,SAMSUNG_Android SAMSUNG_Android MIDI 1,232,95,63
6315.587711,32:0,SAMSUNG_Android SAMSUNG_Android MIDI 1,232,115,63
6315.600852,32:0,SAMSUNG_Android SAMSUNG_Android MIDI 1,232,125,63
6315.610264,128:0,Tab S8 Ultra de Pedro Tab S8 Ultra de Pedro Bluetooth,232,95,63
6315.610266,128:0,Tab S8 Ultra de Pedro Tab S8 Ultra de Pedro Bluetooth,232,105,63
6315.611979,32:0,SAMSUNG_Android SAMSUNG_Android MIDI 1,232,18,64
6315.613282,128:0,Tab S8 Ultra de Pedro Tab S8 Ultra de Pedro Bluetooth,232,115,63
6315.613284,128:0,Tab S8 Ultra de Pedro Tab S8 Ultra de Pedro Bluetooth,232,125,63
6315.613285,128:0,Tab S8 Ultra de Pedro Tab S8 Ultra de Pedro Bluetooth,232,8,64
6315.625994,32:0,SAMSUNG_Android SAMSUNG_Android MIDI 1,232,28,64
6315.639760,32:0,SAMSUNG_Android SAMSUNG_Android MIDI 1,232,47,64
6315.650479,32:0,SAMSUNG_Android SAMSUNG_Android MIDI 1,232,58,64
6315.655267,128:0,Tab S8 Ultra de Pedro Tab S8 Ultra de Pedro Bluetooth,232,18,64
6315.655270,128:0,Tab S8 Ultra de Pedro Tab S8 Ultra de Pedro Bluetooth,232,28,64
6315.655270,128:0,Tab S8 Ultra de Pedro Tab S8 Ultra de Pedro Bluetooth,232,37,64
6315.658270,128:0,Tab S8 Ultra de Pedro Tab S8 Ultra de Pedro Bluetooth,232,47,64
6315.658272,128:0,Tab S8 Ultra de Pedro Tab S8 Ultra de Pedro Bluetooth,232,58,64
6315.658273,128:0,Tab S8 Ultra de Pedro Tab S8 Ultra de Pedro Bluetooth,232,67,64
6315.663798,32:0,SAMSUNG_Android SAMSUNG_Android MIDI 1,232,78,64
6315.675882,32:0,SAMSUNG_Android SAMSUNG_Android MIDI 1,232,98,64
6315.686739,32:0,SAMSUNG_Android SAMSUNG_Android MIDI 1,232,108,64
6315.692641,32:0,SAMSUNG_Android SAMSUNG_Android MIDI 1,232,75,63
6315.694577,32:0,SAMSUNG_Android SAMSUNG_Android MIDI 1,152,59,127
6315.696478,32:0,SAMSUNG_Android SAMSUNG_Android MIDI 1,136,58,0
6315.696887,32:0,SAMSUNG_Android SAMSUNG_Android MIDI 1,216,0,0
6315.697636,32:0,SAMSUNG_Android SAMSUNG_Android MIDI 1,136,59,64
6315.700307,128:0,Tab S8 Ultra de Pedro Tab S8 Ultra de Pedro Bluetooth,232,78,64
6315.700309,128:0,Tab S8 Ultra de Pedro Tab S8 Ultra de Pedro Bluetooth,232,88,64
6315.700310,128:0,Tab S8 Ultra de Pedro Tab S8 Ultra de Pedro Bluetooth,232,98,64
6315.702356,128:0,Tab S8 Ultra de Pedro Tab S8 Ultra de Pedro Bluetooth,232,108,64
6315.702358,128:0,Tab S8 Ultra de Pedro Tab S8 Ultra de Pedro Bluetooth,232,75,63
6315.746258,128:0,Tab S8 Ultra de Pedro Tab S8 Ultra de Pedro Bluetooth,152,59,127
6315.746261,128:0,Tab S8 Ultra de Pedro Tab S8 Ultra de Pedro Bluetooth,136,58,0
6315.746261,128:0,Tab S8 Ultra de Pedro Tab S8 Ultra de Pedro Bluetooth,216,0,0
6315.746262,128:0,Tab S8 Ultra de Pedro Tab S8 Ultra de Pedro Bluetooth,136,59,64
