touch_to_render_ms,touch_to_push_ms
2.26,0.08
4.18,1.18
2.69,0.11
5.58,1.31
1.89,0.14
12.53,1.80
8.37,0.12
3.84,0.58
7.15,0.37
4.14,0.38
8.37,1.02
6.98,1.56
5.63,0.24
1.46,0.08
9.37,0.18
4.78,0.09
6.80,1.04
10.87,0.76
1.05,0.08
7.30,0.59
1.82,0.61
10.87,0.75
2.29,0.23
11.18,1.47
1.81,0.77
9.36,0.19
4.35,0.11
8.98,0.39
7.56,0.65
2.88,0.38
4.36,0.70
6.17,0.25
6.75,0.11
5.44,1.76
1.07,0.08
1.48,0.06
0.56,0.05
6.65,1.21
1.30,0.68
4.28,0.27
5.30,0.48
0.84,0.04
2.40,0.08
1.81,0.30
8.88,0.05
2.59,0.07
