kappa,hz,db
0.10,200.0,-157.30
0.10,200.1,-136.07
0.10,200.2,-140.44
0.10,200.3,-139.98
0.10,200.4,-135.63
0.10,200.5,-158.98
0.10,200.6,-136.36
0.10,200.7,-140.77
0.10,200.8,-138.85
0.10,200.9,-134.84
0.10,201.0,-157.36
0.10,201.1,-135.67
0.10,201.2,-139.99
0.10,201.3,-138.19
0.10,201.4,-134.12
0.10,201.5,-156.00
0.10,201.6,-135.15
0.10,201.7,-139.40
0.10,201.8,-137.89
0.10,201.9,-134.02
0.10,202.0,-163.76
0.10,202.1,-133.59
0.10,202.2,-137.95
0.10,202.3,-136.97
0.10,202.4,-132.71
0.10,202.5,-153.72
0.10,202.6,-133.34
0.10,202.7,-137.17
0.10,202.8,-136.98
0.10,202.9,-132.75
0.10,203.0,-159.53
0.10,203.1,-131.83
0.10,203.2,-135.48
0.10,203.3,-137.11
0.10,203.4,-132.40
0.10,203.5,-153.41
0.10,203.6,-131.04
0.10,203.7,-135.17
0.10,203.8,-135.29
0.10,203.9,-130.83
0.10,204.0,-162.65
0.10,204.1,-130.77
0.10,204.2,-134.73
0.10,204.3,-134.59
0.10,204.4,-130.36
0.10,204.5,-156.44
0.10,204.6,-129.36
0.10,204.7,-133.11
0.10,204.8,-134.29
0.10,204.9,-129.60
0.10,205.0,-160.34
0.10,205.1,-128.78
0.10,205.2,-132.80
0.10,205.3,-132.76
0.10,205.4,-128.36
0.10,205.5,-162.61
0.10,205.6,-128.10
0.10,205.7,-132.07
0.10,205.8,-131.93
0.10,205.9,-127.61
0.10,206.0,-160.91
0.10,206.1,-126.89
0.10,206.2,-130.69
0.10,206.3,-131.40
0.10,206.4,-126.83
0.10,206.5,-157.65
0.10,206.6,-126.06
0.10,206.7,-130.18
0.10,206.8,-129.76
0.10,206.9,-125.42
0.10,207.0,-158.86
0.10,207.1,-125.20
0.10,207.2,-129.02
0.10,207.3,-129.22
0.10,207.4,-124.77
0.10,207.5,-157.24
0.10,207.6,-124.00
0.10,207.7,-128.01
0.10,207.8,-127.87
0.10,207.9,-123.40
0.10,208.0,-156.70
0.10,208.1,-123.30
0.10,208.2,-127.43
0.10,208.3,-126.47
0.10,208.4,-122.25
0.10,208.5,-155.06
0.10,208.6,-121.95
0.10,208.7,-125.77
0.10,208.8,-125.90
0.10,208.9,-121.46
0.10,209.0,-147.15
0.10,209.1,-120.55
0.10,209.2,-124.40
0.10,209.3,-124.75
0.10,209.4,-120.18
0.10,209.5,-157.14
0.10,209.6,-119.50
0.10,209.7,-123.44
0.10,209.8,-123.24
0.10,209.9,-118.78
0.10,210.0,-157.99
0.10,210.1,-118.35
0.10,210.2,-122.36
0.10,210.3,-121.73
0.10,210.4,-117.36
0.10,210.5,-156.45
0.10,210.6,-116.99
0.10,210.7,-120.88
0.10,210.8,-120.52
0.10,210.9,-116.06
0.10,211.0,-155.22
0.10,211.1,-115.60
0.10,211.2,-119.62
0.10,211.3,-118.83
0.10,211.4,-114.47
0.10,211.5,-149.62
0.10,211.6,-114.00
0.10,211.7,-117.79
0.10,211.8,-117.65
0.10,211.9,-113.09
0.10,212.0,-152.26
0.10,212.1,-112.44
0.10,212.2,-116.33
0.10,212.3,-115.85
0.10,212.4,-111.40
0.10,212.5,-148.87
0.10,212.6,-110.62
0.10,212.7,-114.43
0.10,212.8,-114.20
0.10,212.9,-109.62
0.10,213.0,-154.75
0.10,213.1,-108.86
0.10,213.2,-112.67
0.10,213.3,-112.26
0.10,213.4,-107.69
0.10,213.5,-157.65
0.10,213.6,-106.93
0.10,213.7,-110.70
0.10,213.8,-110.25
0.10,213.9,-105.66
0.10,214.0,-157.20
0.10,214.1,-104.76
0.10,214.2,-108.50
0.10,214.3,-108.06
0.10,214.4,-103.42
0.10,214.5,-153.06
0.10,214.6,-102.47
0.10,214.7,-106.16
0.10,214.8,-105.65
0.10,214.9,-100.96
0.10,215.0,-144.82
0.10,215.1,-99.96
0.10,215.2,-103.62
0.10,215.3,-102.99
0.10,215.4,-98.27
0.10,215.5,-142.10
0.10,215.6,-97.13
0.10,215.7,-100.71
0.10,215.8,-100.08
0.10,215.9,-95.27
0.10,216.0,-152.98
0.10,216.1,-93.98
0.10,216.2,-97.50
0.10,216.3,-96.74
0.10,216.4,-91.86
0.10,216.5,-141.17
0.10,216.6,-90.41
0.10,216.7,-93.81
0.10,216.8,-92.95
0.10,216.9,-87.96
0.10,217.0,-144.88
0.10,217.1,-86.23
0.10,217.2,-89.50
0.10,217.3,-88.51
0.10,217.4,-83.35
0.10,217.5,-142.49
0.10,217.6,-81.26
0.10,217.7,-84.32
0.10,217.8,-83.16
0.10,217.9,-77.76
0.10,218.0,-134.48
0.10,218.1,-75.11
0.10,218.2,-77.86
0.10,218.3,-76.36
0.10,218.4,-70.58
0.10,218.5,-136.79
0.10,218.6,-67.03
0.10,218.7,-69.23
0.10,218.8,-67.09
0.10,218.9,-60.57
0.10,219.0,-133.20
0.10,219.1,-55.10
0.10,219.2,-56.02
0.10,219.3,-52.24
0.10,219.4,-43.58
0.10,219.5,-120.01
0.10,219.6,-30.37
0.10,219.7,-21.05
0.10,219.8,-15.79
0.10,219.9,-12.95
0.10,220.0,-12.04
0.10,220.1,-12.95
0.10,220.2,-15.79
0.10,220.3,-21.05
0.10,220.4,-30.36
0.10,220.5,-135.74
0.10,220.6,-43.58
0.10,220.7,-52.24
0.10,220.8,-56.02
0.10,220.9,-55.10
0.10,221.0,-129.59
0.10,221.1,-60.57
0.10,221.2,-67.09
0.10,221.3,-69.23
0.10,221.4,-67.03
0.10,221.5,-138.48
0.10,221.6,-70.58
0.10,221.7,-76.37
0.10,221.8,-77.86
0.10,221.9,-75.11
0.10,222.0,-144.31
0.10,222.1,-77.75
0.10,222.2,-83.15
0.10,222.3,-84.33
0.10,222.4,-81.26
0.10,222.5,-141.11
0.10,222.6,-83.36
0.10,222.7,-88.54
0.10,222.8,-89.48
0.10,222.9,-86.22
0.10,223.0,-143.57
0.10,223.1,-87.97
0.10,223.2,-92.98
0.10,223.3,-93.78
0.10,223.4,-90.38
0.10,223.5,-142.48
0.10,223.6,-91.88
0.10,223.7,-96.76
0.10,223.8,-97.50
0.10,223.9,-93.99
0.10,224.0,-144.01
0.10,224.1,-95.28
0.10,224.2,-100.12
0.10,224.3,-100.65
0.10,224.4,-97.08
0.10,224.5,-143.83
0.10,224.6,-98.32
0.10,224.7,-103.06
0.10,224.8,-103.55
0.10,224.9,-99.92
0.10,225.0,-145.49
0.10,225.1,-101.00
0.10,225.2,-105.69
0.10,225.3,-106.14
0.10,225.4,-102.45
0.10,225.5,-154.63
0.10,225.6,-103.44
0.10,225.7,-108.12
0.10,225.8,-108.45
0.10,225.9,-104.74
0.10,226.0,-151.66
0.10,226.1,-105.68
0.10,226.2,-110.29
0.10,226.3,-110.64
0.10,226.4,-106.87
0.10,226.5,-149.96
0.10,226.6,-107.77
0.10,226.7,-112.40
0.10,226.8,-112.53
0.10,226.9,-108.78
0.10,227.0,-145.41
0.10,227.1,-109.67
0.10,227.2,-114.23
0.10,227.3,-114.45
0.10,227.4,-110.66
0.10,227.5,-155.59
0.10,227.6,-111.40
0.10,227.7,-115.95
0.10,227.8,-116.18
0.10,227.9,-112.34
0.10,228.0,-154.00
0.10,228.1,-113.08
0.10,228.2,-117.57
0.10,228.3,-117.86
0.10,228.4,-113.99
0.10,228.5,-167.68
0.10,228.6,-114.64
0.10,228.7,-119.15
0.10,228.8,-119.34
0.10,228.9,-115.50
0.10,229.0,-155.05
0.10,229.1,-116.02
0.10,229.2,-120.43
0.10,229.3,-120.92
0.10,229.4,-116.96
0.10,229.5,-184.30
0.10,229.6,-117.51
0.10,229.7,-122.02
0.10,229.8,-122.06
0.10,229.9,-118.18
0.10,230.0,-151.93
0.10,230.1,-118.85
0.10,230.2,-123.26
0.10,230.3,-123.51
0.10,230.4,-119.58
0.10,230.5,-156.68
0.10,230.6,-120.04
0.10,230.7,-124.42
0.10,230.8,-124.82
0.10,230.9,-120.86
0.10,231.0,-153.07
0.10,231.1,-121.17
0.10,231.2,-125.55
0.10,231.3,-125.98
0.10,231.4,-121.97
0.10,231.5,-157.10
0.10,231.6,-122.47
0.10,231.7,-126.99
0.10,231.8,-126.78
0.10,231.9,-122.88
0.10,232.0,-154.76
0.10,232.1,-123.71
0.10,232.2,-128.17
0.10,232.3,-127.92
0.10,232.4,-124.07
0.10,232.5,-162.95
0.10,232.6,-124.57
0.10,232.7,-128.94
0.10,232.8,-129.16
0.10,232.9,-125.18
0.10,233.0,-165.27
0.10,233.1,-125.51
0.10,233.2,-129.80
0.10,233.3,-130.29
0.10,233.4,-126.20
0.10,233.5,-161.67
0.10,233.6,-126.63
0.10,233.7,-131.05
0.10,233.8,-131.05
0.10,233.9,-127.15
0.10,234.0,-160.93
0.10,234.1,-127.38
0.10,234.2,-131.67
0.10,234.3,-132.20
0.10,234.4,-128.12
0.10,234.5,-157.19
0.10,234.6,-128.27
0.10,234.7,-132.46
0.10,234.8,-133.26
0.10,234.9,-129.16
0.10,235.0,-159.73
0.10,235.1,-129.06
0.10,235.2,-133.31
0.10,235.3,-134.02
0.10,235.4,-129.83
0.10,235.5,-168.53
0.10,235.6,-130.30
0.10,235.7,-134.81
0.10,235.8,-134.38
0.10,235.9,-130.55
0.10,236.0,-173.45
0.10,236.1,-130.84
0.10,236.2,-135.12
0.10,236.3,-135.46
0.10,236.4,-131.27
0.10,236.5,-159.50
0.10,236.6,-132.23
0.10,236.7,-136.92
0.10,236.8,-135.57
0.10,236.9,-131.94
0.10,237.0,-164.00
0.10,237.1,-132.46
0.10,237.2,-136.64
0.10,237.3,-137.03
0.10,237.4,-132.86
0.10,237.5,-153.35
0.10,237.6,-133.59
0.10,237.7,-138.23
0.10,237.8,-137.17
0.10,237.9,-133.44
0.10,238.0,-168.97
0.10,238.1,-133.69
0.10,238.2,-137.18
0.10,238.3,-140.50
0.10,238.4,-135.81
0.10,238.5,-151.90
0.10,238.6,-133.91
0.10,238.7,-138.29
0.10,238.8,-139.56
0.10,238.9,-135.28
0.10,239.0,-171.16
0.10,239.1,-135.36
0.10,239.2,-139.93
0.10,239.3,-139.33
0.10,239.4,-135.37
0.10,239.5,-161.97
0.10,239.6,-136.43
0.10,239.7,-140.94
0.10,239.8,-139.82
0.10,239.9,-135.85
0.10,240.0,-157.32
0.10,240.1,-137.44
0.10,240.2,-141.84
0.10,240.3,-140.77
0.10,240.4,-137.00
0.10,240.5,-160.84
0.10,240.6,-137.45
0.10,240.7,-141.86
0.10,240.8,-141.61
0.10,240.9,-137.61
0.10,241.0,-157.16
0.10,241.1,-138.00
0.10,241.2,-142.10
0.10,241.3,-142.69
0.10,241.4,-138.70
0.10,241.5,-158.52
0.10,241.6,-138.18
0.10,241.7,-142.39
0.10,241.8,-143.24
0.10,241.9,-138.90
0.10,242.0,-162.29
0.10,242.1,-139.66
0.10,242.2,-144.38
0.10,242.3,-142.49
0.10,242.4,-139.00
0.10,242.5,-163.97
0.10,242.6,-139.90
0.10,242.7,-144.07
0.10,242.8,-144.16
0.10,242.9,-139.98
0.10,243.0,-164.56
0.10,243.1,-140.73
0.10,243.2,-145.21
0.10,243.3,-144.00
0.10,243.4,-140.32
0.10,243.5,-157.37
0.10,243.6,-140.57
0.10,243.7,-143.90
0.10,243.8,-147.06
0.10,243.9,-142.73
0.10,244.0,-152.87
0.10,244.1,-139.97
0.10,244.2,-143.75
0.10,244.3,-147.05
0.10,244.4,-142.27
0.10,244.5,-162.31
0.10,244.6,-142.13
0.10,244.7,-147.04
0.10,244.8,-145.34
0.10,244.9,-141.65
0.10,245.0,-167.44
0.10,245.1,-142.65
0.10,245.2,-146.49
0.10,245.3,-147.47
0.10,245.4,-143.08
0.10,245.5,-173.57
0.10,245.6,-143.17
0.10,245.7,-147.55
0.10,245.8,-147.53
0.10,245.9,-143.81
0.10,246.0,-162.34
0.10,246.1,-142.44
0.10,246.2,-146.09
0.10,246.3,-149.40
0.10,246.4,-144.20
0.10,246.5,-178.75
0.10,246.6,-144.47
0.10,246.7,-149.09
0.10,246.8,-147.98
0.10,246.9,-144.30
0.10,247.0,-172.07
0.10,247.1,-144.49
0.10,247.2,-149.32
0.10,247.3,-147.66
0.10,247.4,-143.64
0.10,247.5,-158.11
0.10,247.6,-146.19
0.10,247.7,-150.66
0.10,247.8,-148.07
0.10,247.9,-144.64
0.10,248.0,-162.47
0.10,248.1,-145.58
0.10,248.2,-149.10
0.10,248.3,-150.85
0.10,248.4,-146.98
0.10,248.5,-161.73
0.10,248.6,-144.80
0.10,248.7,-148.92
0.10,248.8,-151.08
0.10,248.9,-146.46
0.10,249.0,-170.59
0.10,249.1,-146.07
0.10,249.2,-150.15
0.10,249.3,-150.89
0.10,249.4,-146.38
0.10,249.5,-163.33
0.10,249.6,-147.98
0.10,249.7,-153.92
0.10,249.8,-148.62
0.10,249.9,-145.39
0.10,250.0,-160.17
0.10,250.1,-148.34
0.10,250.2,-152.24
0.10,250.3,-151.87
0.10,250.4,-148.20
0.10,250.5,-166.50
0.10,250.6,-146.63
0.10,250.7,-150.20
0.10,250.8,-153.39
0.10,250.9,-148.87
0.10,251.0,-160.73
0.10,251.1,-146.74
0.10,251.2,-149.94
0.10,251.3,-153.63
0.10,251.4,-149.11
0.10,251.5,-159.72
0.10,251.6,-147.92
0.10,251.7,-152.30
0.10,251.8,-153.09
0.10,251.9,-148.84
0.10,252.0,-164.83
0.10,252.1,-148.52
0.10,252.2,-152.33
0.10,252.3,-154.11
0.10,252.4,-149.83
0.10,252.5,-169.64
0.10,252.6,-148.71
0.10,252.7,-152.58
0.10,252.8,-153.23
0.10,252.9,-149.14
0.10,253.0,-161.40
0.10,253.1,-150.50
0.10,253.2,-156.61
0.10,253.3,-151.23
0.10,253.4,-147.69
0.10,253.5,-159.33
0.10,253.6,-152.74
0.10,253.7,-156.00
0.10,253.8,-151.63
0.10,253.9,-149.37
0.10,254.0,-162.81
0.10,254.1,-149.84
0.10,254.2,-153.18
0.10,254.3,-156.80
0.10,254.4,-151.71
0.10,254.5,-168.62
0.10,254.6,-150.91
0.10,254.7,-155.91
0.10,254.8,-154.08
0.10,254.9,-150.45
0.10,255.0,-172.58
0.10,255.1,-151.83
0.10,255.2,-156.68
0.10,255.3,-153.90
0.10,255.4,-150.10
0.10,255.5,-161.28
0.10,255.6,-152.85
0.10,255.7,-157.77
0.10,255.8,-154.34
0.10,255.9,-151.29
0.10,256.0,-179.71
0.10,256.1,-151.62
0.10,256.2,-155.58
0.10,256.3,-156.33
0.10,256.4,-151.73
0.10,256.5,-172.58
0.10,256.6,-153.00
0.10,256.7,-156.70
0.10,256.8,-157.19
0.10,256.9,-153.11
0.10,257.0,-170.04
0.10,257.1,-152.67
0.10,257.2,-157.14
0.10,257.3,-156.86
0.10,257.4,-153.48
0.10,257.5,-166.21
0.10,257.6,-151.55
0.10,257.7,-155.19
0.10,257.8,-158.80
0.10,257.9,-153.88
0.10,258.0,-173.00
0.10,258.1,-152.50
0.10,258.2,-155.83
0.10,258.3,-159.78
0.10,258.4,-154.76
0.10,258.5,-171.49
0.10,258.6,-153.06
0.10,258.7,-157.23
0.10,258.8,-158.57
0.10,258.9,-154.19
0.10,259.0,-169.16
0.10,259.1,-153.20
0.10,259.2,-156.77
0.10,259.3,-159.16
0.10,259.4,-154.10
0.10,259.5,-170.38
0.10,259.6,-154.96
0.10,259.7,-157.85
0.10,259.8,-162.32
0.10,259.9,-158.73
0.10,260.0,-157.55
