time_s,drive
0.000,0.0000
0.101,0.0042
0.200,0.0083
0.301,0.0126
0.400,0.0167
0.501,0.0209
0.600,0.0250
0.701,0.0292
0.800,0.0333
0.901,0.0376
1.000,0.0417
1.101,0.0459
1.200,0.0500
1.301,0.0542
1.400,0.0583
1.501,0.0626
1.600,0.0667
1.701,0.0709
1.800,0.0750
1.901,0.0792
2.000,0.0833
2.101,0.0876
2.200,0.0917
2.301,0.0959
2.400,0.1000
2.501,0.1042
2.600,0.1083
2.701,0.1126
2.800,0.1167
2.901,0.1209
3.000,0.1250
3.101,0.1292
3.200,0.1333
3.301,0.1376
3.400,0.1417
3.501,0.1459
3.600,0.1500
3.701,0.1542
3.800,0.1583
3.901,0.1626
4.000,0.1667
4.101,0.1709
4.200,0.1750
4.301,0.1792
4.400,0.1833
4.501,0.1876
4.600,0.1917
4.701,0.1959
4.800,0.2000
4.901,0.2042
5.000,0.2083
5.101,0.2126
5.200,0.2167
5.301,0.2209
5.400,0.2250
5.501,0.2292
5.600,0.2333
5.701,0.2376
5.800,0.2417
5.901,0.2459
6.000,0.2500
6.101,0.2542
6.200,0.2583
6.301,0.2626
6.400,0.2667
6.501,0.2709
6.600,0.2750
6.701,0.2792
6.800,0.2833
6.901,0.2876
7.000,0.2917
7.101,0.2959
7.200,0.3000
7.301,0.3042
7.400,0.3083
7.501,0.3126
7.600,0.3167
7.701,0.3209
7.800,0.3250
7.901,0.3292
8.000,0.3333
8.101,0.3376
8.200,0.3417
8.301,0.3459
8.400,0.3500
8.501,0.3542
8.600,0.3583
8.701,0.3626
8.800,0.3667
8.901,0.3709
9.000,0.3750
9.101,0.3792
9.200,0.3833
9.301,0.3876
9.400,0.3917
9.501,0.3959
9.600,0.4000
9.701,0.4042
9.800,0.4083
9.901,0.4126
10.000,0.4167
10.101,0.4209
10.200,0.4250
10.301,0.4292
10.400,0.4333
10.501,0.4376
10.600,0.4417
10.701,0.4459
10.800,0.4500
10.901,0.4542
11.000,0.4583
11.101,0.4626
11.200,0.4667
11.301,0.4709
11.400,0.4750
11.501,0.4792
11.600,0.4833
11.701,0.4876
11.800,0.4917
11.901,0.4959
12.000,0.5000
12.101,0.5042
12.200,0.5083
12.301,0.5126
12.400,0.5167
12.501,0.5209
12.600,0.5250
12.701,0.5292
12.800,0.5333
12.901,0.5376
13.000,0.5417
13.101,0.5459
13.200,0.5500
13.301,0.5542
13.400,0.5583
13.501,0.5626
13.600,0.5667
13.701,0.5709
13.800,0.5750
13.901,0.5792
14.000,0.5833
14.101,0.5876
14.200,0.5917
14.301,0.5959
14.400,0.6000
14.501,0.6042
14.600,0.6083
14.701,0.6126
14.800,0.6167
14.901,0.6209
15.000,0.6250
15.101,0.6292
15.200,0.6333
15.301,0.6376
15.400,0.6417
15.501,0.6459
15.600,0.6500
15.701,0.6542
15.800,0.6583
15.901,0.6626
16.000,0.6667
16.101,0.6709
16.200,0.6750
16.301,0.6792
16.400,0.6833
16.501,0.6876
16.600,0.6917
16.701,0.6959
16.800,0.7000
16.901,0.7042
17.000,0.7083
17.101,0.7126
17.200,0.7167
17.301,0.7209
17.400,0.7250
17.501,0.7292
17.600,0.7333
17.701,0.7376
17.800,0.7417
17.901,0.7459
18.000,0.7500
18.101,0.7542
18.200,0.7583
18.301,0.7626
18.400,0.7667
18.501,0.7709
18.600,0.7750
18.701,0.7792
18.800,0.7833
18.901,0.7876
19.000,0.7917
19.101,0.7959
19.200,0.8000
19.301,0.8042
19.400,0.8083
19.501,0.8126
19.600,0.8167
19.701,0.8209
19.800,0.8250
19.901,0.8292
20.000,0.8333
20.101,0.8376
20.200,0.8417
20.301,0.8459
20.400,0.8500
20.501,0.8542
20.600,0.8583
20.701,0.8626
20.800,0.8667
20.901,0.8709
21.000,0.8750
21.101,0.8792
21.200,0.8833
21.301,0.8876
21.400,0.8917
21.501,0.8959
21.600,0.9000
21.701,0.9042
21.800,0.9083
21.901,0.9126
22.000,0.9167
22.101,0.9209
22.200,0.9250
22.301,0.9292
22.400,0.9333
22.501,0.9376
22.600,0.9417
22.701,0.9459
22.800,0.9500
22.901,0.9542
23.000,0.9583
23.101,0.9626
23.200,0.9667
23.301,0.9709
23.400,0.9750
23.501,0.9792
23.600,0.9833
23.701,0.9876
23.800,0.9917
23.901,0.9959
