time_s,K
0.000,0.0000
0.101,0.0106
0.200,0.0208
0.301,0.0314
0.400,0.0417
0.501,0.0522
0.600,0.0625
0.701,0.0731
0.800,0.0833
0.901,0.0939
1.000,0.1042
1.101,0.1147
1.200,0.1250
1.301,0.1356
1.400,0.1458
1.501,0.1564
1.600,0.1667
1.701,0.1772
1.800,0.1875
1.901,0.1981
2.000,0.2083
2.101,0.2189
2.200,0.2292
2.301,0.2397
2.400,0.2500
2.501,0.2606
2.600,0.2708
2.701,0.2814
2.800,0.2917
2.901,0.3022
3.000,0.3125
3.101,0.3231
3.200,0.3333
3.301,0.3439
3.400,0.3542
3.501,0.3647
3.600,0.3750
3.701,0.3856
3.800,0.3958
3.901,0.4064
4.000,0.4167
4.101,0.4272
4.200,0.4375
4.301,0.4481
4.400,0.4583
4.501,0.4689
4.600,0.4792
4.701,0.4897
4.800,0.5000
4.901,0.5106
5.000,0.5208
5.101,0.5314
5.200,0.5417
5.301,0.5522
5.400,0.5625
5.501,0.5731
5.600,0.5833
5.701,0.5939
5.800,0.6042
5.901,0.6147
6.000,0.6250
6.101,0.6356
6.200,0.6458
6.301,0.6564
6.400,0.6667
6.501,0.6772
6.600,0.6875
6.701,0.6981
6.800,0.7083
6.901,0.7189
7.000,0.7292
7.101,0.7397
7.200,0.7500
7.301,0.7606
7.400,0.7708
7.501,0.7814
7.600,0.7917
7.701,0.8022
7.800,0.8125
7.901,0.8231
8.000,0.8333
8.101,0.8439
8.200,0.8542
8.301,0.8647
8.400,0.8750
8.501,0.8856
8.600,0.8958
8.701,0.9064
8.800,0.9167
8.901,0.9272
9.000,0.9375
9.101,0.9481
9.200,0.9583
9.301,0.9689
9.400,0.9792
9.501,0.9897
9.600,1.0000
9.701,1.0106
9.800,1.0208
9.901,1.0314
10.000,1.0417
10.101,1.0522
10.200,1.0625
10.301,1.0731
10.400,1.0833
10.501,1.0939
10.600,1.1042
10.701,1.1147
10.800,1.1250
10.901,1.1356
11.000,1.1458
11.101,1.1564
11.200,1.1667
11.301,1.1772
11.400,1.1875
11.501,1.1981
11.600,1.2083
11.701,1.2189
11.800,1.2292
11.901,1.2397
12.000,1.2500
12.101,1.2606
12.200,1.2708
12.301,1.2814
12.400,1.2917
12.501,1.3022
12.600,1.3125
12.701,1.3231
12.800,1.3333
12.901,1.3439
13.000,1.3542
13.101,1.3647
13.200,1.3750
13.301,1.3856
13.400,1.3958
13.501,1.4064
13.600,1.4167
13.701,1.4272
13.800,1.4375
13.901,1.4481
14.000,1.4583
14.101,1.4689
14.200,1.4792
14.301,1.4897
14.400,1.5000
14.501,1.5106
14.600,1.5208
14.701,1.5314
14.800,1.5417
14.901,1.5522
15.000,1.5625
15.101,1.5731
15.200,1.5833
15.301,1.5939
15.400,1.6042
15.501,1.6147
15.600,1.6250
15.701,1.6356
15.800,1.6458
15.901,1.6564
16.000,1.6667
16.101,1.6772
16.200,1.6875
16.301,1.6981
16.400,1.7083
16.501,1.7189
16.600,1.7292
16.701,1.7397
16.800,1.7500
16.901,1.7606
17.000,1.7708
17.101,1.7814
17.200,1.7917
17.301,1.8022
17.400,1.8125
17.501,1.8231
17.600,1.8333
17.701,1.8439
17.800,1.8542
17.901,1.8647
18.000,1.8750
18.101,1.8856
18.200,1.8958
18.301,1.9064
18.400,1.9167
18.501,1.9272
18.600,1.9375
18.701,1.9481
18.800,1.9583
18.901,1.9689
19.000,1.9792
19.101,1.9897
19.200,2.0000
19.301,2.0106
19.400,2.0208
19.501,2.0314
19.600,2.0417
19.701,2.0522
19.800,2.0625
19.901,2.0731
20.000,2.0833
20.101,2.0939
20.200,2.1042
20.301,2.1147
20.400,2.1250
20.501,2.1356
20.600,2.1458
20.701,2.1564
20.800,2.1667
20.901,2.1772
21.000,2.1875
21.101,2.1981
21.200,2.2083
21.301,2.2189
21.400,2.2292
21.501,2.2397
21.600,2.2500
21.701,2.2606
21.800,2.2708
21.901,2.2814
22.000,2.2917
22.101,2.3022
22.200,2.3125
22.301,2.3231
22.400,2.3333
22.501,2.3439
22.600,2.3542
22.701,2.3647
22.800,2.3750
22.901,2.3856
23.000,2.3958
23.101,2.4064
23.200,2.4167
23.301,2.4272
23.400,2.4375
23.501,2.4481
23.600,2.4583
23.701,2.4689
23.800,2.4792
23.901,2.4897
