t,src,status,d1,d2
1788433218.483237,iPad,176,101,0
1788433218.483237,iPad,176,100,6
1788433218.483237,iPad,176,6,15
1788433218.483237,iPad,176,101,127
1788433218.483761,iPad,176,100,127
1788433218.483761,iPad,177,101,0
1788433218.483761,iPad,177,100,0
1788433218.483761,iPad,177,6,48
1788433218.483761,iPad,177,101,127
1788433218.483761,iPad,177,100,127
1788433218.483761,iPad,178,101,0
1788433218.483761,iPad,178,100,0
1788433218.483761,iPad,178,6,48
1788433218.483761,iPad,178,101,127
1788433218.483761,iPad,178,100,127
1788433218.483761,iPad,179,101,0
1788433218.483952,iPad,179,100,0
1788433218.483952,iPad,179,6,48
1788433218.484220,iPad,179,101,127
1788433218.484220,iPad,179,100,127
1788433218.484220,iPad,180,101,0
1788433218.484220,iPad,180,100,0
1788433218.484220,iPad,180,6,48
1788433218.484220,iPad,180,101,127
1788433218.484604,iPad,180,100,127
1788433218.484604,iPad,181,101,0
1788433218.484604,iPad,181,100,0
1788433218.484604,iPad,181,6,48
1788433218.484604,iPad,181,101,127
1788433218.484604,iPad,181,100,127
1788433218.484991,iPad,182,101,0
1788433218.484991,iPad,182,100,0
1788433218.484991,iPad,182,6,48
1788433218.484991,iPad,182,101,127
1788433218.484991,iPad,182,100,127
1788433218.484991,iPad,183,101,0
1788433218.485394,iPad,183,100,0
1788433218.485394,iPad,183,6,48
1788433218.485394,iPad,183,101,127
1788433218.485394,iPad,183,100,127
1788433218.485394,iPad,184,101,0
1788433218.485394,iPad,184,100,0
1788433218.485504,iPad,184,6,48
1788433218.485526,iPad,184,101,127
1788433218.485588,iPad,184,100,127
1788433218.485588,iPad,185,101,0
1788433218.485622,iPad,185,100,0
1788433218.485673,iPad,185,6,48
1788433218.485763,iPad,185,101,127
1788433218.486097,iPad,185,100,127
1788433218.486097,iPad,186,101,0
1788433218.486097,iPad,186,100,0
1788433218.486097,iPad,186,6,48
1788433218.486097,iPad,186,101,127
1788433218.486097,iPad,186,100,127
1788433218.486466,iPad,187,101,0
1788433218.486466,iPad,187,100,0
1788433218.486466,iPad,187,6,48
1788433218.486466,iPad,187,101,127
1788433218.486466,iPad,187,100,127
1788433218.486466,iPad,188,101,0
1788433218.486807,iPad,188,100,0
1788433218.486807,iPad,188,6,48
1788433218.486807,iPad,188,101,127
1788433218.486807,iPad,188,100,127
1788433218.486807,iPad,189,101,0
1788433218.486807,iPad,189,100,0
1788433218.486896,iPad,189,6,48
1788433218.487224,iPad,189,101,127
1788433218.487224,iPad,189,100,127
1788433218.487224,iPad,190,101,0
1788433218.487224,iPad,190,100,0
1788433218.487224,iPad,190,6,48
1788433218.487224,iPad,190,101,127
1788433218.487311,iPad,190,100,127
1788433218.487326,iPad,191,101,0
1788433218.487695,iPad,191,100,0
1788433218.487695,iPad,191,6,48
1788433218.487695,iPad,191,101,127
1788433218.487695,iPad,191,100,127
1788433225.847952,iPad,176,101,0
1788433225.847952,iPad,176,100,6
1788433225.847952,iPad,176,6,15
1788433225.848114,iPad,176,101,127
1788433225.848114,iPad,176,100,127
1788433225.848202,iPad,177,101,0
1788433225.848299,iPad,177,100,0
1788433225.848299,iPad,177,6,48
1788433225.848392,iPad,177,101,127
1788433225.848486,iPad,177,100,127
1788433225.848570,iPad,178,101,0
1788433225.848601,iPad,178,100,0
1788433225.848702,iPad,178,6,48
1788433225.848817,iPad,178,101,127
1788433225.849169,iPad,178,100,127
1788433225.849169,iPad,179,101,0
1788433225.849169,iPad,179,100,0
1788433225.849169,iPad,179,6,48
1788433225.849265,iPad,179,101,127
1788433225.849619,iPad,179,100,127
1788433225.849619,iPad,180,101,0
1788433225.849619,iPad,180,100,0
1788433225.849619,iPad,180,6,48
1788433225.849737,iPad,180,101,127
1788433225.849792,iPad,180,100,127
1788433225.850158,iPad,181,101,0
1788433225.850158,iPad,181,100,0
1788433225.850158,iPad,181,6,48
1788433225.850158,iPad,181,101,127
1788433225.850267,iPad,181,100,127
1788433225.850600,iPad,182,101,0
1788433225.850600,iPad,182,100,0
1788433225.850600,iPad,182,6,48
1788433225.850600,iPad,182,101,127
1788433225.850704,iPad,182,100,127
1788433225.850774,iPad,183,101,0
1788433225.851145,iPad,183,100,0
1788433225.851145,iPad,183,6,48
1788433225.851145,iPad,183,101,127
1788433225.851145,iPad,183,100,127
1788433225.851221,iPad,184,101,0
1788433225.851625,iPad,184,100,0
1788433225.851625,iPad,184,6,48
1788433225.851625,iPad,184,101,127
1788433225.851625,iPad,184,100,127
1788433225.851705,iPad,185,101,0
1788433225.852106,iPad,185,100,0
1788433225.852106,iPad,185,6,48
1788433225.852106,iPad,185,101,127
1788433225.852106,iPad,185,100,127
1788433225.852500,iPad,186,101,0
1788433225.852500,iPad,186,100,0
1788433225.852500,iPad,186,6,48
1788433225.852500,iPad,186,101,127
1788433225.852906,iPad,186,100,127
1788433225.852906,iPad,187,101,0
1788433225.852906,iPad,187,100,0
1788433225.852906,iPad,187,6,48
1788433225.852988,iPad,187,101,127
1788433225.853093,iPad,187,100,127
1788433225.853447,iPad,188,101,0
1788433225.853447,iPad,188,100,0
1788433225.853447,iPad,188,6,48
1788433225.853447,iPad,188,101,127
1788433225.853528,iPad,188,100,127
1788433225.853638,iPad,189,101,0
1788433225.853707,iPad,189,100,0
1788433225.854073,iPad,189,6,48
1788433225.854073,iPad,189,101,127
1788433225.854073,iPad,189,100,127
1788433225.854073,iPad,190,101,0
1788433225.854174,iPad,190,100,0
1788433225.854235,iPad,190,6,48
1788433225.854334,iPad,190,101,127
1788433225.854365,iPad,190,100,127
1788433225.854445,iPad,191,101,0
1788433225.854554,iPad,191,100,0
1788433225.854923,iPad,191,6,48
1788433225.854923,iPad,191,101,127
1788433225.854923,iPad,191,100,127
1788433227.578661,iPad,225,0,64
1788433227.578661,iPad,145,55,120
1788433227.660792,iPad,225,11,64
1788433227.660903,iPad,209,2,0
1788433227.677445,iPad,225,30,64
1788433227.677593,iPad,209,0,0
1788433227.693872,iPad,225,53,64
1788433227.710680,iPad,225,78,64
1788433227.727345,iPad,225,100,64
1788433227.743757,iPad,225,121,64
1788433227.760582,iPad,225,13,65
1788433227.777104,iPad,225,31,65
1788433227.793771,iPad,225,48,65
1788433227.810560,iPad,225,62,65
1788433227.827141,iPad,225,76,65
1788433227.843872,iPad,225,87,65
1788433227.860481,iPad,225,96,65
1788433227.877054,iPad,225,105,65
1788433227.893844,iPad,225,114,65
1788433227.910494,iPad,225,122,65
1788433227.927131,iPad,225,1,66
1788433227.943791,iPad,225,10,66
1788433227.960445,iPad,225,19,66
1788433227.977201,iPad,225,27,66
1788433227.993755,iPad,225,36,66
1788433228.010449,iPad,225,45,66
1788433228.027086,iPad,225,55,66
1788433228.043749,iPad,225,63,66
1788433228.060345,iPad,225,69,66
1788433228.076883,iPad,225,73,66
1788433228.077010,iPad,209,0,0
1788433228.077125,iPad,129,55,64
1788433228.311630,iPad,226,0,64
1788433228.311630,iPad,146,79,120
1788433228.343438,iPad,226,104,63
1788433228.343582,iPad,210,1,0
1788433228.360110,iPad,226,84,63
1788433228.360237,iPad,210,3,0
1788433228.376736,iPad,226,66,63
1788433228.376853,iPad,210,4,0
1788433228.393654,iPad,226,50,63
1788433228.393780,iPad,210,9,0
1788433228.410423,iPad,226,35,63
1788433228.410545,iPad,210,11,0
1788433228.427031,iPad,226,22,63
1788433228.427128,iPad,210,15,0
1788433228.443673,iPad,226,9,63
1788433228.443732,iPad,210,18,0
1788433228.460450,iPad,226,123,62
1788433228.460557,iPad,210,19,0
1788433228.477099,iPad,226,107,62
1788433228.494275,iPad,226,95,62
1788433228.510437,iPad,226,82,62
1788433228.510556,iPad,210,17,0
1788433228.527136,iPad,226,70,62
1788433228.527267,iPad,210,15,0
1788433228.544144,iPad,226,58,62
1788433228.544401,iPad,210,12,0
1788433228.560343,iPad,210,0,0
1788433228.560443,iPad,130,79,64
1788433228.828325,iPad,227,0,64
1788433228.828325,iPad,147,75,120
1788433228.910155,iPad,227,13,64
1788433228.910267,iPad,211,3,0
1788433228.926906,iPad,227,40,64
1788433228.927008,iPad,211,1,0
1788433228.943693,iPad,227,72,64
1788433228.943786,iPad,211,0,0
1788433228.960365,iPad,227,103,64
1788433228.977017,iPad,227,5,65
1788433228.993693,iPad,227,32,65
1788433229.010382,iPad,227,56,65
1788433229.027044,iPad,227,78,65
1788433229.043778,iPad,227,95,65
1788433229.043889,iPad,211,3,0
1788433229.060358,iPad,227,111,65
1788433229.060470,iPad,211,8,0
1788433229.076913,iPad,211,0,0
1788433229.077009,iPad,131,75,64
1788433229.262071,iPad,228,0,64
1788433229.262071,iPad,148,40,120
1788433229.326833,iPad,228,7,64
1788433229.326917,iPad,212,14,0
1788433229.343241,iPad,228,25,64
1788433229.343360,iPad,212,21,0
1788433229.360215,iPad,228,48,64
1788433229.360331,iPad,212,24,0
1788433229.376898,iPad,228,76,64
1788433229.377026,iPad,212,26,0
1788433229.393499,iPad,228,101,64
1788433229.393633,iPad,212,22,0
1788433229.410301,iPad,228,126,64
1788433229.410406,iPad,212,18,0
1788433229.426959,iPad,228,24,65
1788433229.427084,iPad,212,15,0
1788433229.443684,iPad,228,45,65
1788433229.443775,iPad,212,14,0
1788433229.460249,iPad,228,63,65
1788433229.477004,iPad,228,80,65
1788433229.477199,iPad,212,13,0
1788433229.493750,iPad,228,92,65
1788433229.493894,iPad,212,12,0
1788433229.510378,iPad,228,104,65
1788433229.527057,iPad,228,125,65
1788433229.543554,iPad,212,0,0
1788433229.543667,iPad,132,40,64
1788433229.745033,iPad,229,0,64
1788433229.745033,iPad,149,101,120
1788433229.826818,iPad,229,2,64
1788433229.826943,iPad,213,8,0
1788433229.843323,iPad,229,11,64
1788433229.843422,iPad,213,14,0
1788433229.859923,iPad,229,27,64
1788433229.859989,iPad,213,20,0
1788433229.876941,iPad,229,48,64
1788433229.877024,iPad,213,30,0
1788433229.893566,iPad,229,71,64
1788433229.893660,iPad,213,39,0
1788433229.910383,iPad,229,93,64
1788433229.910484,iPad,213,41,0
1788433229.927026,iPad,229,115,64
1788433229.927156,iPad,213,38,0
1788433229.943748,iPad,229,5,65
1788433229.943825,iPad,213,37,0
1788433229.960328,iPad,229,26,65
1788433229.960421,iPad,213,36,0
1788433229.977001,iPad,229,46,65
1788433229.993690,iPad,229,63,65
1788433230.010522,iPad,229,82,65
1788433230.010623,iPad,213,34,0
1788433230.026964,iPad,229,96,65
1788433230.027119,iPad,213,32,0
1788433230.043793,iPad,229,110,65
1788433230.043902,iPad,213,31,0
1788433230.060324,iPad,229,121,65
1788433230.060421,iPad,213,29,0
1788433230.077026,iPad,229,1,66
1788433230.077162,iPad,213,28,0
1788433230.093455,iPad,229,5,66
1788433230.093555,iPad,213,0,0
1788433230.093656,iPad,133,101,64
1788433230.294992,iPad,230,0,64
1788433230.294992,iPad,150,42,120
1788433230.343318,iPad,230,8,64
1788433230.359874,iPad,230,27,64
1788433230.376693,iPad,230,54,64
1788433230.393442,iPad,230,82,64
1788433230.410225,iPad,230,108,64
1788433230.410377,iPad,214,1,0
1788433230.426875,iPad,230,5,65
1788433230.427001,iPad,214,3,0
1788433230.443597,iPad,230,25,65
1788433230.443724,iPad,214,5,0
1788433230.460271,iPad,230,41,65
1788433230.460382,iPad,214,6,0
1788433230.477124,iPad,230,54,65
1788433230.477311,iPad,214,9,0
1788433230.493953,iPad,230,61,65
1788433230.510307,iPad,230,68,65
1788433230.510434,iPad,214,11,0
1788433230.526988,iPad,230,76,65
1788433230.527103,iPad,214,12,0
1788433230.543434,iPad,230,81,65
1788433230.543544,iPad,214,13,0
1788433230.543647,iPad,214,0,0
1788433230.543761,iPad,134,42,64
1788433230.961552,iPad,231,0,64
1788433230.961552,iPad,151,75,120
1788433230.978300,iPad,232,0,64
1788433230.978300,iPad,152,41,120
1788433230.994167,iPad,233,0,64
1788433230.994167,iPad,153,52,120
1788433231.027104,iPad,231,1,64
1788433231.027218,iPad,215,2,0
1788433231.027288,iPad,233,8,64
1788433231.043133,iPad,231,23,64
1788433231.043133,iPad,233,28,64
1788433231.043268,iPad,215,11,0
1788433231.043337,iPad,232,12,64
1788433231.060111,iPad,231,54,64
1788433231.060256,iPad,215,17,0
1788433231.060337,iPad,233,54,64
1788433231.060423,iPad,232,33,64
1788433231.076803,iPad,231,88,64
1788433231.076989,iPad,215,21,0
1788433231.077071,iPad,233,85,64
1788433231.077568,iPad,232,56,64
1788433231.093522,iPad,231,116,64
1788433231.093634,iPad,215,17,0
1788433231.094068,iPad,233,113,64
1788433231.094068,iPad,232,81,64
1788433231.110333,iPad,231,15,65
1788433231.110438,iPad,215,14,0
1788433231.110539,iPad,233,15,65
1788433231.111009,iPad,232,105,64
1788433231.127049,iPad,231,40,65
1788433231.127648,iPad,215,12,0
1788433231.127755,iPad,233,48,65
1788433231.127755,iPad,232,3,65
1788433231.143748,iPad,231,64,65
1788433231.143904,iPad,215,10,0
1788433231.144395,iPad,233,77,65
1788433231.144395,iPad,232,27,65
1788433231.160382,iPad,231,86,65
1788433231.160490,iPad,215,9,0
1788433231.160569,iPad,233,102,65
1788433231.161027,iPad,232,53,65
1788433231.176877,iPad,231,108,65
1788433231.177079,iPad,215,8,0
1788433231.177544,iPad,233,125,65
1788433231.177544,iPad,232,74,65
1788433231.193623,iPad,231,127,65
1788433231.193745,iPad,233,17,66
1788433231.193876,iPad,232,96,65
1788433231.210287,iPad,231,20,66
1788433231.210382,iPad,215,7,0
1788433231.210479,iPad,233,35,66
1788433231.210947,iPad,232,115,65
1788433231.226908,iPad,231,37,66
1788433231.227472,iPad,233,54,66
1788433231.227472,iPad,232,6,66
1788433231.243679,iPad,231,53,66
1788433231.243814,iPad,215,6,0
1788433231.243921,iPad,233,70,66
1788433231.244027,iPad,232,23,66
1788433231.260293,iPad,231,69,66
1788433231.260408,iPad,215,5,0
1788433231.260945,iPad,233,87,66
1788433231.260945,iPad,232,38,66
1788433231.277027,iPad,231,83,66
1788433231.277445,iPad,215,4,0
1788433231.277533,iPad,233,102,66
1788433231.277533,iPad,232,55,66
1788433231.293637,iPad,231,94,66
1788433231.294072,iPad,215,3,0
1788433231.294173,iPad,233,115,66
1788433231.294173,iPad,232,68,66
1788433231.310335,iPad,231,108,66
1788433231.310479,iPad,215,2,0
1788433231.310562,iPad,233,127,66
1788433231.311014,iPad,232,81,66
1788433231.326978,iPad,231,120,66
1788433231.327538,iPad,215,1,0
1788433231.327651,iPad,233,13,67
1788433231.327651,iPad,232,95,66
1788433231.344338,iPad,231,3,67
1788433231.344432,iPad,215,0,0
1788433231.344514,iPad,233,24,67
1788433231.345089,iPad,232,107,66
1788433231.360382,iPad,231,14,67
1788433231.360382,iPad,233,33,67
1788433231.360515,iPad,232,117,66
1788433231.377043,iPad,231,23,67
1788433231.377604,iPad,233,43,67
1788433231.377604,iPad,232,126,66
1788433231.393617,iPad,231,31,67
1788433231.393753,iPad,233,51,67
1788433231.394183,iPad,232,5,67
1788433231.410244,iPad,231,38,67
1788433231.410385,iPad,233,58,67
1788433231.410490,iPad,232,13,67
1788433231.426989,iPad,231,43,67
1788433231.427062,iPad,233,64,67
1788433231.427117,iPad,232,18,67
1788433231.443692,iPad,231,47,67
1788433231.443787,iPad,233,68,67
1788433231.443818,iPad,232,23,67
1788433231.460212,iPad,231,51,67
1788433231.460361,iPad,233,73,67
1788433231.460478,iPad,232,27,67
1788433231.476914,iPad,231,54,67
1788433231.476914,iPad,233,76,67
1788433231.477047,iPad,232,30,67
1788433231.493599,iPad,231,57,67
1788433231.493744,iPad,233,79,67
1788433231.493857,iPad,232,33,67
1788433231.510254,iPad,231,60,67
1788433231.510355,iPad,233,81,67
1788433231.510438,iPad,232,36,67
1788433231.526924,iPad,231,62,67
1788433231.526988,iPad,233,84,67
1788433231.527053,iPad,232,39,67
1788433231.543618,iPad,231,65,67
1788433231.543764,iPad,233,85,67
1788433231.543976,iPad,232,40,67
1788433231.560241,iPad,231,66,67
1788433231.560350,iPad,233,86,67
1788433231.560440,iPad,232,41,67
1788433231.560954,iPad,217,0,0
1788433231.561033,iPad,137,52,64
1788433231.576776,iPad,215,0,0
1788433231.577437,iPad,135,75,64
1788433231.577437,iPad,136,41,64
1788433231.577620,iPad,216,0,0
1788433231.811482,iPad,234,0,64
1788433231.811482,iPad,154,68,120
1788433231.893221,iPad,234,2,64
1788433231.893342,iPad,218,0,0
1788433231.893420,iPad,138,68,64
1788433231.994677,iPad,235,0,64
1788433231.994677,iPad,155,69,120
1788433232.076760,iPad,219,0,0
1788433232.076876,iPad,139,69,64
1788433232.144401,iPad,236,0,64
1788433232.144401,iPad,156,68,120
1788433232.226672,iPad,220,0,0
1788433232.226787,iPad,140,68,64
1788433232.327802,iPad,237,0,64
1788433232.327802,iPad,157,68,120
1788433232.409947,iPad,221,0,0
1788433232.410044,iPad,141,68,64
1788433232.811859,iPad,238,0,64
1788433232.811859,iPad,158,64,120
1788433232.910135,iPad,222,0,0
1788433232.910249,iPad,142,64,64
1788433233.344242,iPad,239,0,64
1788433233.344242,iPad,159,38,120
1788433233.460113,iPad,223,0,0
1788433233.460270,iPad,143,38,64
1788433233.877650,iPad,225,0,64
1788433233.877650,iPad,145,49,120
1788433233.976785,iPad,209,0,0
1788433233.976901,iPad,129,49,64
1788433234.427629,iPad,226,0,64
1788433234.427629,iPad,146,73,120
1788433234.926749,iPad,210,0,0
1788433234.926824,iPad,130,73,64
1788433235.561253,iPad,227,0,64
1788433235.561253,iPad,147,53,120
1788433235.609840,iPad,211,0,0
1788433235.609945,iPad,131,53,64
1788433235.728237,iPad,228,0,64
1788433235.728237,iPad,148,53,120
1788433235.776616,iPad,212,0,0
1788433235.776724,iPad,132,53,64
1788433235.877790,iPad,229,0,64
1788433235.877790,iPad,149,53,120
1788433235.959934,iPad,213,0,0
1788433235.960020,iPad,133,53,64
1788433236.027819,iPad,230,0,64
1788433236.027819,iPad,150,53,120
1788433236.076588,iPad,214,0,0
1788433236.076690,iPad,134,53,64
1788433236.494525,iPad,233,0,64
1788433236.494525,iPad,153,44,120
1788433236.559874,iPad,217,0,0
1788433236.559998,iPad,137,44,64
1788433237.010776,iPad,231,0,64
1788433237.010776,iPad,151,66,120
1788433237.193024,iPad,215,0,0
1788433237.193134,iPad,135,66,64
1788433237.477289,iPad,232,0,64
1788433237.477289,iPad,152,102,120
1788433237.776365,iPad,216,0,0
1788433237.776479,iPad,136,102,64
1788433237.994465,iPad,234,0,64
1788433237.994465,iPad,154,42,120
1788433238.526406,iPad,218,0,0
1788433238.526509,iPad,138,42,64
1788433239.077453,iPad,235,0,64
1788433239.077453,iPad,155,38,120
1788433239.126507,iPad,219,0,0
1788433239.126605,iPad,139,38,64
1788433239.244266,iPad,236,0,64
1788433239.244266,iPad,156,38,120
1788433239.293075,iPad,220,0,0
1788433239.293188,iPad,140,38,64
1788433239.394262,iPad,237,0,64
1788433239.394262,iPad,157,38,120
1788433239.459736,iPad,221,0,0
1788433239.459874,iPad,141,38,64
1788433239.527617,iPad,238,0,64
1788433239.527617,iPad,158,38,120
1788433239.592894,iPad,222,0,0
1788433239.593015,iPad,142,38,64
1788433239.977615,iPad,239,0,64
1788433239.977615,iPad,159,62,120
1788433240.093367,iPad,239,6,64
1788433240.109931,iPad,239,12,64
1788433240.126469,iPad,223,0,0
1788433240.126578,iPad,143,62,64
1788433240.460921,iPad,225,0,64
1788433240.460921,iPad,145,52,120
1788433240.692794,iPad,209,0,0
1788433240.692869,iPad,129,52,64
1788433240.927943,iPad,226,0,64
1788433240.927943,iPad,146,41,120
1788433241.159525,iPad,210,0,0
1788433241.159652,iPad,130,41,64
1788433241.394091,iPad,227,0,64
1788433241.394091,iPad,147,52,120
1788433241.410370,iPad,228,0,64
1788433241.410370,iPad,148,29,120
1788433241.459701,iPad,228,2,64
1788433241.459701,iPad,227,14,64
1788433241.476103,iPad,228,19,64
1788433241.476103,iPad,227,42,64
1788433241.493112,iPad,228,44,64
1788433241.493270,iPad,227,78,64
1788433241.509631,iPad,228,75,64
1788433241.509742,iPad,227,108,64
1788433241.526420,iPad,228,105,64
1788433241.526534,iPad,227,9,65
1788433241.542970,iPad,228,3,65
1788433241.543060,iPad,227,32,65
1788433241.559588,iPad,228,18,65
1788433241.559672,iPad,227,46,65
1788433241.576465,iPad,228,26,65
1788433241.576618,iPad,227,54,65
1788433241.592987,iPad,228,28,65
1788433241.592987,iPad,227,55,65
1788433241.609638,iPad,228,29,65
1788433241.609638,iPad,227,56,65
1788433241.709372,iPad,227,55,65
1788433241.725837,iPad,227,54,65
1788433241.742350,iPad,227,53,65
1788433241.759227,iPad,227,52,65
1788433241.776244,iPad,228,28,65
1788433241.776244,iPad,227,51,65
1788433241.792892,iPad,227,50,65
1788433241.826281,iPad,228,27,65
1788433241.892907,iPad,228,26,65
1788433242.059713,iPad,227,51,65
1788433242.059856,iPad,212,0,0
1788433242.059972,iPad,132,29,64
1788433242.076130,iPad,227,53,65
1788433242.092666,iPad,227,55,65
1788433242.109404,iPad,227,56,65
1788433242.126194,iPad,211,0,0
1788433242.126307,iPad,131,52,64
1788433242.410795,iPad,229,0,64
1788433242.410795,iPad,149,102,120
1788433242.492557,iPad,213,0,0
1788433242.492655,iPad,133,102,64
1788433242.593708,iPad,230,0,64
1788433242.593708,iPad,150,102,120
1788433242.659226,iPad,214,0,0
1788433242.659321,iPad,134,102,64
1788433242.760493,iPad,233,0,64
1788433242.760493,iPad,153,102,120
1788433242.825933,iPad,217,0,0
1788433242.826034,iPad,137,102,64
1788433242.910768,iPad,231,0,64
1788433242.910768,iPad,151,102,120
1788433242.976056,iPad,215,0,0
1788433242.976162,iPad,135,102,64
1788433243.277941,iPad,232,0,64
1788433243.277941,iPad,152,41,120
1788433243.392708,iPad,216,0,0
1788433243.392834,iPad,136,41,64
1788433243.860336,iPad,234,0,64
1788433243.860336,iPad,154,102,120
1788433243.976065,iPad,218,0,0
1788433243.976169,iPad,138,102,64
1788433244.343507,iPad,235,0,64
1788433244.343507,iPad,155,100,120
1788433244.442639,iPad,219,0,0
1788433244.442736,iPad,139,100,64
1788433244.776777,iPad,236,0,64
1788433244.776777,iPad,156,101,120
1788433245.309310,iPad,236,3,64
1788433245.309469,iPad,220,1,0
1788433245.342635,iPad,236,4,64
1788433245.376046,iPad,236,5,64
1788433245.376202,iPad,220,2,0
1788433245.392404,iPad,236,6,64
1788433245.409221,iPad,236,7,64
1788433245.425862,iPad,236,9,64
1788433245.426011,iPad,220,0,0
1788433245.426119,iPad,140,101,64
1788433245.727198,iPad,237,0,64
1788433245.727198,iPad,157,42,120
1788433245.775894,iPad,221,0,0
1788433245.776055,iPad,141,42,64
1788433245.877091,iPad,238,0,64
1788433245.877091,iPad,158,42,120
1788433245.942396,iPad,222,0,0
1788433245.942493,iPad,142,42,64
1788433246.043571,iPad,239,0,64
1788433246.043571,iPad,159,42,120
1788433246.092534,iPad,223,0,0
1788433246.092675,iPad,143,42,64
1788433246.193671,iPad,225,0,64
1788433246.193671,iPad,145,42,120
1788433246.259068,iPad,209,0,0
1788433246.259170,iPad,129,42,64
1788433246.627198,iPad,226,0,64
1788433246.627198,iPad,146,65,120
1788433246.642772,iPad,226,124,63
1788433246.659337,iPad,226,119,63
1788433246.675979,iPad,226,118,63
1788433246.709405,iPad,226,119,63
1788433246.725911,iPad,226,122,63
1788433246.742272,iPad,226,125,63
1788433246.759146,iPad,226,3,64
1788433246.776176,iPad,226,12,64
1788433246.792410,iPad,226,14,64
1788433246.792961,iPad,210,0,0
1788433246.793158,iPad,130,65,64
1788433247.110530,iPad,228,0,64
1788433247.110530,iPad,148,41,120
1788433247.325965,iPad,212,0,0
1788433247.326061,iPad,132,41,64
1788433247.560599,iPad,227,0,64
1788433247.560599,iPad,147,41,120
1788433247.775957,iPad,211,0,0
1788433247.776062,iPad,131,41,64
1788433248.043276,iPad,229,0,64
1788433248.043276,iPad,149,44,120
1788433248.692609,iPad,229,125,63
1788433248.692787,iPad,213,3,0
1788433248.709001,iPad,229,123,63
1788433248.709106,iPad,213,10,0
1788433248.709187,iPad,213,0,0
1788433248.709259,iPad,133,44,64
1788433248.910513,iPad,230,0,64
1788433248.910513,iPad,150,41,120
1788433248.975503,iPad,214,0,0
1788433248.975614,iPad,134,41,64
1788433249.059950,iPad,233,0,64
1788433249.059950,iPad,153,41,120
1788433249.125502,iPad,217,0,0
1788433249.125613,iPad,137,41,64
1788433249.243775,iPad,231,0,64
1788433249.243775,iPad,151,41,120
1788433249.292157,iPad,215,0,0
1788433249.292274,iPad,135,41,64
1788433249.393131,iPad,232,0,64
1788433249.393131,iPad,152,41,120
1788433249.475462,iPad,216,0,0
1788433249.475561,iPad,136,41,64
1788433249.827201,iPad,234,0,64
1788433249.827201,iPad,154,65,120
1788433249.975773,iPad,234,1,64
1788433249.975890,iPad,218,0,0
1788433249.976242,iPad,138,65,64
1788433250.277540,iPad,235,0,64
1788433250.277540,iPad,155,40,120
1788433250.492423,iPad,219,0,0
1788433250.492559,iPad,139,40,64
1788433250.676993,iPad,236,0,64
1788433250.676993,iPad,156,42,120
1788433250.925478,iPad,220,0,0
1788433250.925594,iPad,140,42,64
1788433251.176377,iPad,237,0,64
1788433251.176377,iPad,157,43,120
1788433251.758883,iPad,221,0,0
1788433251.759002,iPad,141,43,64
1788433252.026516,iPad,238,0,64
1788433252.026516,iPad,158,43,120
1788433252.092186,iPad,222,0,0
1788433252.092297,iPad,142,43,64
1788433252.176751,iPad,239,0,64
1788433252.176751,iPad,159,43,120
1788433252.258926,iPad,223,0,0
1788433252.259072,iPad,143,43,64
1788433252.343454,iPad,225,0,64
1788433252.343454,iPad,145,42,120
1788433252.392312,iPad,225,112,63
1788433252.392506,iPad,209,13,0
1788433252.425583,iPad,209,8,0
1788433252.441973,iPad,209,0,0
1788433252.442089,iPad,129,42,64
1788433252.560104,iPad,226,0,64
1788433252.560104,iPad,146,41,120
1788433252.675480,iPad,210,0,0
1788433252.675599,iPad,130,41,64
1788433252.960198,iPad,228,0,64
1788433252.960198,iPad,148,40,120
1788433253.058918,iPad,212,0,0
1788433253.059009,iPad,132,40,64
1788433253.409983,iPad,227,0,64
1788433253.409983,iPad,147,39,120
1788433253.525502,iPad,211,0,0
1788433253.525593,iPad,131,39,64
1788433253.909634,iPad,229,0,64
1788433253.909634,iPad,149,38,120
1788433254.025459,iPad,213,0,0
1788433254.025576,iPad,133,38,64
1788433254.376209,iPad,230,0,64
1788433254.376209,iPad,150,37,120
1788433254.808727,iPad,214,0,0
1788433254.808849,iPad,134,37,64
1788433255.159385,iPad,233,0,64
1788433255.159385,iPad,153,37,120
1788433255.208833,iPad,233,20,64
1788433255.208960,iPad,217,2,0
1788433255.225409,iPad,233,71,64
1788433255.225546,iPad,217,3,0
1788433255.241846,iPad,233,120,64
1788433255.241976,iPad,217,2,0
1788433255.258719,iPad,233,40,65
1788433255.275448,iPad,233,96,65
1788433255.275567,iPad,217,3,0
1788433255.292018,iPad,233,30,66
1788433255.292111,iPad,217,4,0
1788433255.308641,iPad,233,92,66
1788433255.325371,iPad,233,27,67
1788433255.342031,iPad,233,89,67
1788433255.342168,iPad,217,5,0
1788433255.358672,iPad,233,21,68
1788433255.358910,iPad,217,6,0
1788433255.375313,iPad,233,82,68
1788433255.392016,iPad,233,16,69
1788433255.408745,iPad,233,76,69
1788433255.425404,iPad,233,8,70
1788433255.425532,iPad,217,5,0
1788433255.442060,iPad,233,67,70
1788433255.458757,iPad,233,119,70
1788433255.458845,iPad,217,4,0
1788433255.475499,iPad,233,41,71
1788433255.475623,iPad,217,3,0
1788433255.492145,iPad,233,85,71
1788433255.508781,iPad,233,123,71
1788433255.508894,iPad,217,2,0
1788433255.525323,iPad,233,28,72
1788433255.525480,iPad,217,1,0
1788433255.541996,iPad,233,54,72
1788433255.558657,iPad,233,75,72
1788433255.575474,iPad,233,94,72
1788433255.575583,iPad,217,0,0
1788433255.592086,iPad,233,110,72
1788433255.608651,iPad,233,124,72
1788433255.625322,iPad,233,7,73
1788433255.641977,iPad,233,16,73
1788433255.658649,iPad,233,23,73
1788433255.675364,iPad,233,28,73
1788433255.692044,iPad,233,32,73
1788433255.708586,iPad,233,35,73
1788433255.725300,iPad,233,36,73
1788433255.742023,iPad,233,37,73
1788433255.858664,iPad,217,0,0
1788433255.858779,iPad,137,37,64
1788433256.559800,iPad,231,0,64
1788433256.559800,iPad,151,81,120
1788433256.608497,iPad,215,0,0
1788433256.608582,iPad,135,81,64
1788433256.709877,iPad,232,0,64
1788433256.709877,iPad,152,81,120
1788433256.775226,iPad,216,0,0
1788433256.775316,iPad,136,81,64
1788433256.809646,iPad,234,0,64
1788433256.809646,iPad,154,80,120
1788433256.841928,iPad,234,121,63
1788433256.858290,iPad,234,109,63
1788433256.875409,iPad,234,97,63
1788433256.892106,iPad,234,89,63
1788433256.908846,iPad,218,0,0
1788433256.908971,iPad,138,80,64
1788433256.993170,iPad,235,0,64
1788433256.993170,iPad,155,80,120
1788433257.025286,iPad,235,115,63
1788433257.025424,iPad,219,2,0
1788433257.041654,iPad,235,110,63
1788433257.058260,iPad,235,109,63
1788433257.058364,iPad,219,3,0
1788433257.058364,iPad,219,0,0
1788433257.058447,iPad,139,80,64
1788433257.143037,iPad,236,0,64
1788433257.143037,iPad,156,79,120
1788433257.208353,iPad,220,0,0
1788433257.208467,iPad,140,79,64
1788433257.293066,iPad,237,0,64
1788433257.293066,iPad,157,79,120
1788433257.358456,iPad,221,0,0
1788433257.358514,iPad,141,79,64
1788433257.426023,iPad,238,0,64
1788433257.426023,iPad,158,78,120
1788433257.491626,iPad,222,0,0
1788433257.491741,iPad,142,78,64
1788433257.576138,iPad,239,0,64
1788433257.576138,iPad,159,78,120
1788433257.624857,iPad,223,0,0
1788433257.624920,iPad,143,78,64
1788433257.726325,iPad,225,0,64
1788433257.726325,iPad,145,77,120
1788433257.774964,iPad,209,0,0
1788433257.775102,iPad,129,77,64
1788433257.892910,iPad,226,0,64
1788433257.892910,iPad,146,76,120
1788433257.941624,iPad,210,0,0
1788433257.941734,iPad,130,76,64
1788433258.126428,iPad,228,0,64
1788433258.126428,iPad,148,76,120
1788433258.191811,iPad,212,0,0
1788433258.191932,iPad,132,76,64
1788433258.459743,iPad,227,0,64
1788433258.459743,iPad,147,74,120
1788433258.508437,iPad,211,0,0
1788433258.508540,iPad,131,74,64
1788433258.843099,iPad,229,0,64
1788433258.843099,iPad,149,73,120
1788433258.925203,iPad,213,0,0
1788433258.925294,iPad,133,73,64
1788433259.626350,iPad,230,0,64
1788433259.626350,iPad,150,72,120
1788433259.658647,iPad,230,9,64
1788433259.674817,iPad,230,40,64
1788433259.692108,iPad,230,94,64
1788433259.708626,iPad,230,36,65
1788433259.725087,iPad,230,20,66
1788433259.741850,iPad,230,11,67
1788433259.758478,iPad,230,74,67
1788433259.775056,iPad,230,110,67
1788433259.791737,iPad,230,0,68
1788433259.808515,iPad,230,13,68
1788433259.825046,iPad,230,21,68
1788433259.841744,iPad,230,28,68
1788433259.858308,iPad,230,33,68
1788433259.875069,iPad,230,41,68
1788433259.891719,iPad,230,48,68
1788433259.908453,iPad,230,53,68
1788433259.925138,iPad,230,58,68
1788433259.941793,iPad,230,59,68
1788433259.958346,iPad,230,61,68
1788433259.975195,iPad,230,62,68
1788433260.008472,iPad,230,63,68
1788433260.057973,iPad,230,64,68
1788433260.091353,iPad,230,65,68
1788433260.124659,iPad,230,67,68
1788433260.191661,iPad,230,68,68
1788433260.241457,iPad,214,0,0
1788433260.241579,iPad,134,72,64
1788433260.626789,iPad,233,0,64
1788433260.626789,iPad,153,52,120
1788433260.674764,iPad,217,0,0
1788433260.674882,iPad,137,52,64
1788433260.809417,iPad,231,0,64
1788433260.809417,iPad,151,52,120
1788433260.858507,iPad,231,11,64
1788433260.874927,iPad,231,23,64
1788433260.891805,iPad,215,0,0
1788433260.891943,iPad,135,52,64
1788433260.959680,iPad,232,0,64
1788433260.959680,iPad,152,53,120
1788433261.024825,iPad,216,0,0
1788433261.024934,iPad,136,53,64
1788433261.125846,iPad,234,0,64
1788433261.125846,iPad,154,54,120
1788433261.174666,iPad,218,0,0
1788433261.174752,iPad,138,54,64
1788433261.259235,iPad,235,0,64
1788433261.259235,iPad,155,54,120
1788433261.291774,iPad,235,17,64
1788433261.291914,iPad,219,5,0
1788433261.308041,iPad,235,37,64
1788433261.308120,iPad,219,11,0
1788433261.324813,iPad,219,0,0
1788433261.324907,iPad,139,54,64
1788433261.592789,iPad,236,0,64
1788433261.592789,iPad,156,56,120
1788433261.641544,iPad,220,0,0
1788433261.641670,iPad,140,56,64
1788433261.992859,iPad,237,0,64
1788433261.992859,iPad,157,57,120
1788433262.074942,iPad,221,0,0
1788433262.075047,iPad,141,57,64
1788433262.342880,iPad,238,0,64
1788433262.342880,iPad,158,45,120
1788433262.441614,iPad,238,127,63
1788433262.475300,iPad,222,0,0
1788433262.475408,iPad,142,45,64
1788433262.726161,iPad,239,0,64
1788433262.726161,iPad,159,56,120
1788433263.108229,iPad,223,0,0
1788433263.108405,iPad,143,56,64
