note,hz,peak_dbfs,rms_dbfs,h1_db,h2_db,h3_db
21,27.5000,-26.20,-32.48,-30.53,-58.91,-64.63
22,29.1352,-26.40,-32.57,-30.67,-59.51,-67.01
23,30.8677,-26.28,-32.48,-30.67,-64.83,-67.30
24,32.7032,-26.17,-32.53,-30.96,-58.82,-64.22
25,34.6478,-26.32,-32.55,-30.97,-62.71,-69.25
26,36.7081,-26.20,-32.48,-31.17,-60.28,-66.76
27,38.8909,-26.32,-32.55,-31.26,-64.33,-69.41
28,41.2034,-26.21,-32.49,-31.52,-64.32,-67.77
29,43.6535,-26.30,-32.54,-31.66,-66.77,-70.39
30,46.2493,-26.19,-32.50,-32.04,-64.07,-67.46
31,48.9994,-26.26,-32.53,-32.19,-68.57,-73.44
32,51.9131,-26.32,-32.55,-32.62,-63.92,-68.97
33,55.0000,-26.20,-32.49,-32.97,-64.34,-69.81
34,58.2705,-26.25,-32.52,-33.24,-68.75,-76.03
35,61.7354,-26.28,-32.55,-33.81,-65.95,-70.90
36,65.4064,-26.18,-32.53,-34.40,-65.35,-70.79
37,69.2957,-26.19,-32.50,-35.03,-66.30,-71.64
38,73.4162,-26.20,-32.49,-35.72,-67.38,-73.04
39,77.7817,-26.21,-32.50,-36.47,-70.23,-76.57
40,82.4069,-26.21,-32.50,-37.41,-70.61,-76.68
41,87.3071,-26.20,-32.50,-38.48,-70.68,-76.74
42,92.4986,-26.19,-32.50,-39.71,-68.72,-74.40
43,97.9989,-26.17,-32.52,-40.80,-69.70,-75.37
44,103.8262,-26.23,-32.54,-42.01,-71.63,-77.47
45,110.0000,-26.20,-32.51,-42.45,-72.56,-79.30
46,116.5409,-26.17,-32.52,-42.29,-70.52,-76.11
47,123.4708,-26.21,-32.52,-41.87,-73.76,-80.83
48,130.8128,-26.21,-32.52,-41.59,-72.13,-77.97
49,138.5913,-26.19,-32.51,-41.10,-74.91,-80.84
50,146.8324,-26.20,-32.52,-40.73,-75.39,-82.16
51,155.5635,-26.21,-32.53,-40.33,-74.85,-80.66
52,164.8138,-26.21,-32.53,-40.07,-75.69,-81.43
53,174.6141,-26.20,-32.53,-40.11,-76.88,-83.31
54,184.9972,-26.19,-32.51,-40.57,-77.71,-83.91
55,195.9977,-26.17,-32.52,-41.55,-74.29,-79.71
56,207.6523,-26.19,-32.52,-42.88,-78.59,-85.29
57,220.0000,-26.20,-32.53,-44.66,-75.95,-81.31
58,233.0819,-26.17,-32.52,-45.82,-77.11,-82.94
59,246.9417,-26.17,-32.52,-45.34,-77.02,-82.80
60,261.6256,-26.20,-32.52,-44.82,-76.98,-82.43
61,277.1826,-26.19,-32.52,-44.16,-80.43,-86.75
62,293.6648,-26.17,-32.52,-43.59,-78.35,-83.85
63,311.1270,-26.18,-32.51,-43.92,-81.50,-87.82
64,329.6276,-26.18,-32.52,-45.41,-83.23,-90.12
65,349.2282,-26.17,-32.52,-47.77,-80.50,-86.01
66,369.9944,-26.19,-32.52,-47.83,-82.18,-87.90
67,391.9954,-26.17,-32.52,-46.96,-80.35,-85.97
68,415.3047,-26.17,-32.52,-45.96,-81.23,-86.86
69,440.0000,-26.18,-32.52,-46.32,-83.41,-89.03
70,466.1638,-26.17,-32.52,-48.69,-82.18,-90.66
71,493.8833,-26.17,-32.52,-49.14,-84.13,-90.45
72,523.2511,-26.19,-32.52,-48.53,-83.16,-88.66
73,554.3653,-26.18,-32.52,-47.63,-85.06,-90.57
74,587.3295,-26.18,-32.52,-49.77,-85.71,-91.22
75,622.2540,-26.18,-32.52,-50.32,-87.95,-94.16
76,659.2551,-26.18,-32.52,-49.30,-86.31,-91.91
77,698.4565,-26.18,-32.52,-49.85,-91.51,-96.05
78,739.9888,-26.18,-32.52,-51.60,-96.46,-98.61
79,783.9909,-26.17,-32.52,-50.47,-86.66,-91.91
80,830.6094,-26.18,-32.52,-51.53,-88.21,-93.70
81,880.0000,-26.18,-32.52,-53.31,-92.54,-99.85
82,932.3275,-26.18,-32.52,-51.27,-89.50,-95.05
83,987.7666,-26.19,-32.52,-54.58,-91.53,-97.44
84,1046.5023,-26.18,-32.53,-52.07,-90.02,-95.50
85,1108.7305,-26.19,-32.52,-55.40,-94.61,-102.37
86,1174.6591,-26.19,-32.52,-52.85,-92.13,-97.77
87,1244.5079,-26.19,-32.53,-56.09,-93.16,-99.03
88,1318.5102,-26.19,-32.53,-54.13,-94.65,-101.40
89,1396.9129,-26.20,-32.53,-55.11,-93.65,-99.33
90,1479.9777,-26.19,-32.53,-57.24,-95.47,-98.78
91,1567.9817,-26.19,-32.53,-55.47,-93.27,-98.55
92,1661.2188,-26.18,-32.53,-55.62,-92.98,-98.30
93,1760.0000,-26.21,-32.54,-57.44,-94.27,-99.99
94,1864.6550,-26.19,-32.54,-58.96,-98.49,-105.42
95,1975.5332,-26.22,-32.54,-59.28,-98.21,-104.51
96,2093.0045,-26.20,-32.54,-59.44,-99.36,-106.28
97,2217.4610,-26.20,-32.55,-59.85,-97.87,-101.73
98,2349.3181,-26.21,-32.55,-60.68,-99.71,-106.37
99,2489.0159,-26.21,-32.55,-60.91,-101.24,-107.91
100,2637.0205,-26.22,-32.56,-59.86,-97.18,-102.37
101,2793.8259,-26.22,-32.56,-59.50,-100.26,-105.94
102,2959.9554,-26.23,-32.57,-62.17,-102.14,-108.51
103,3135.9635,-26.23,-32.57,-60.92,-99.05,-104.45
104,3322.4376,-26.25,-32.58,-62.74,-99.23,-104.72
105,3520.0000,-26.24,-32.58,-61.34,-103.07,-109.39
106,3729.3101,-26.26,-32.59,-63.53,-102.47,-108.16
107,3951.0664,-26.25,-32.60,-64.77,-101.15,-106.20
108,4186.0090,-26.27,-32.61,-65.08,-103.45,-108.89
