time_s,breath
0.000,0.0000
0.101,0.0063
0.200,0.0125
0.301,0.0188
0.400,0.0250
0.501,0.0313
0.600,0.0375
0.701,0.0438
0.800,0.0500
0.901,0.0563
1.000,0.0625
1.101,0.0688
1.200,0.0750
1.301,0.0813
1.400,0.0875
1.501,0.0938
1.600,0.1000
1.701,0.1063
1.800,0.1125
1.901,0.1188
2.000,0.1250
2.101,0.1313
2.200,0.1375
2.301,0.1438
2.400,0.1500
2.501,0.1563
2.600,0.1625
2.701,0.1688
2.800,0.1750
2.901,0.1813
3.000,0.1875
3.101,0.1938
3.200,0.2000
3.301,0.2063
3.400,0.2125
3.501,0.2188
3.600,0.2250
3.701,0.2313
3.800,0.2375
3.901,0.2438
4.000,0.2500
4.101,0.2563
4.200,0.2625
4.301,0.2688
4.400,0.2750
4.501,0.2813
4.600,0.2875
4.701,0.2938
4.800,0.3000
4.901,0.3063
5.000,0.3125
5.101,0.3188
5.200,0.3250
5.301,0.3313
5.400,0.3375
5.501,0.3438
5.600,0.3500
5.701,0.3563
5.800,0.3625
5.901,0.3688
6.000,0.3750
6.101,0.3813
6.200,0.3875
6.301,0.3938
6.400,0.4000
6.501,0.4063
6.600,0.4125
6.701,0.4188
6.800,0.4250
6.901,0.4313
7.000,0.4375
7.101,0.4438
7.200,0.4500
7.301,0.4563
7.400,0.4625
7.501,0.4688
7.600,0.4750
7.701,0.4813
7.800,0.4875
7.901,0.4938
8.000,0.5000
8.101,0.5063
8.200,0.5125
8.301,0.5188
8.400,0.5250
8.501,0.5313
8.600,0.5375
8.701,0.5438
8.800,0.5500
8.901,0.5563
9.000,0.5625
9.101,0.5688
9.200,0.5750
9.301,0.5813
9.400,0.5875
9.501,0.5938
9.600,0.6000
9.701,0.6063
9.800,0.6125
9.901,0.6188
10.000,0.6250
10.101,0.6313
10.200,0.6375
10.301,0.6438
10.400,0.6500
10.501,0.6563
10.600,0.6625
10.701,0.6688
10.800,0.6750
10.901,0.6813
11.000,0.6875
11.101,0.6938
11.200,0.7000
11.301,0.7063
11.400,0.7125
11.501,0.7188
11.600,0.7250
11.701,0.7313
11.800,0.7375
11.901,0.7438
12.000,0.7500
12.101,0.7563
12.200,0.7625
12.301,0.7688
12.400,0.7750
12.501,0.7813
12.600,0.7875
12.701,0.7938
12.800,0.8000
12.901,0.8063
13.000,0.8125
13.101,0.8188
13.200,0.8250
13.301,0.8313
13.400,0.8375
13.501,0.8438
13.600,0.8500
13.701,0.8563
13.800,0.8625
13.901,0.8688
14.000,0.8750
14.101,0.8813
14.200,0.8875
14.301,0.8938
14.400,0.9000
14.501,0.9063
14.600,0.9125
14.701,0.9188
14.800,0.9250
14.901,0.9313
15.000,0.9375
15.101,0.9438
15.200,0.9500
15.301,0.9563
15.400,0.9625
15.501,0.9688
15.600,0.9750
15.701,0.9813
15.800,0.9875
15.901,0.9938
